brand,pattern,width,profile,rim,load,speed,type,season,runflat,ev,image,branches_in_stock
Michelin,Primacy 4+,155,70,13,79,H,Passenger,Summer,0,0,/img/tire-passenger.webp,7th Circle|Wadi Saqra|Mahatta|Bayader|Gardens
Goodyear,EfficientGrip Performance 2,155,70,13,79,H,Passenger,All-season,0,0,/img/tire-passenger.webp,7th Circle|Bayader|Gardens
Toyo,Proxes Comfort,155,70,13,79,H,Passenger,Summer,0,0,/img/tire-passenger.webp,7th Circle|Mahatta
Nexen,N'Fera Primus,155,70,13,79,H,Passenger,Summer,0,0,/img/tire-passenger.webp,7th Circle|Mahatta|Bayader|Gardens
Linglong,Comfort Master,155,70,13,79,H,Passenger,All-season,0,0,/img/tire-passenger.webp,7th Circle|Mahatta|Bayader|Gardens
Goodyear,EfficientGrip Performance 2,165,65,13,79,H,Passenger,Summer,0,0,/img/tire-passenger.webp,7th Circle|Mahatta|Bayader
Toyo,Proxes Comfort,165,65,13,79,H,Passenger,All-season,0,0,/img/tire-passenger.webp,7th Circle|Gardens|Wadi Saqra|Mahatta|Bayader
Nexen,N'Fera Primus,165,65,13,79,H,Passenger,Summer,0,0,/img/tire-passenger.webp,7th Circle|Mahatta|Bayader
Linglong,Comfort Master,165,65,13,79,H,Passenger,Summer,0,0,/img/tire-passenger.webp,7th Circle|Mahatta|Bayader|Gardens
Pirelli,Cinturato P7,165,65,13,79,H,Passenger,All-season,0,0,/img/tire-passenger.webp,7th Circle|Mahatta|Bayader|Gardens|Wadi Saqra
Linglong,Comfort Master,175,70,13,81,H,Passenger,Summer,0,0,/img/tire-passenger.webp,7th Circle|Wadi Saqra|Mahatta|Bayader|Gardens
Pirelli,Cinturato P7,175,70,13,81,H,Passenger,All-season,0,0,/img/tire-passenger.webp,7th Circle|Mahatta|Bayader|Gardens
Bridgestone,Turanza 6,175,70,13,81,H,Passenger,Summer,0,0,/img/tire-passenger.webp,7th Circle|Bayader|Gardens|Wadi Saqra
Dunlop,Sport Maxx 060+,175,70,13,81,H,Passenger,Summer,0,0,/img/tire-passenger.webp,7th Circle|Gardens|Wadi Saqra
Kumho,Ecsta HS52,175,70,13,81,H,Passenger,All-season,0,0,/img/tire-passenger.webp,7th Circle|Mahatta|Bayader
Giti,GitiSynergy E1,165,65,14,83,H,Passenger,Summer,0,0,/img/tire-passenger.webp,7th Circle|Wadi Saqra|Mahatta|Bayader
Lassa,Driveways,165,65,14,83,H,Passenger,All-season,0,0,/img/tire-passenger.webp,7th Circle|Bayader|Gardens
Continental,PremiumContact 7,165,65,14,83,H,Passenger,Summer,0,0,/img/tire-passenger.webp,7th Circle|Bayader
Hankook,Ventus Prime4,165,65,14,83,H,Passenger,Summer,0,0,/img/tire-passenger.webp,7th Circle|Mahatta
Falken,Ziex ZE310 Ecorun,165,65,14,83,H,Passenger,All-season,0,0,/img/tire-passenger.webp,7th Circle|Wadi Saqra|Mahatta|Bayader
Bridgestone,Turanza 6,175,65,14,84,H,Passenger,Summer,0,0,/img/tire-passenger.webp,7th Circle|Wadi Saqra
Dunlop,Sport Maxx 060+,175,65,14,84,H,Passenger,All-season,0,0,/img/tire-passenger.webp,7th Circle|Mahatta|Bayader|Gardens
Kumho,Ecsta HS52,175,65,14,84,H,Passenger,Summer,0,0,/img/tire-passenger.webp,7th Circle|Wadi Saqra|Mahatta|Bayader
Giti,GitiSynergy E1,175,65,14,84,H,Passenger,Summer,0,0,/img/tire-passenger.webp,7th Circle|Mahatta
Lassa,Driveways,175,65,14,84,H,Passenger,All-season,0,0,/img/tire-passenger.webp,7th Circle|Mahatta
Linglong,Comfort Master,175,70,14,85,H,Passenger,Summer,0,0,/img/tire-passenger.webp,7th Circle|Mahatta
Pirelli,Cinturato P7,175,70,14,85,H,Passenger,All-season,0,0,/img/tire-passenger.webp,7th Circle|Mahatta|Bayader|Gardens|Wadi Saqra
Bridgestone,Turanza 6,175,70,14,85,H,Passenger,Summer,0,0,/img/tire-passenger.webp,7th Circle|Bayader|Gardens|Wadi Saqra
Dunlop,Sport Maxx 060+,175,70,14,85,H,Passenger,Summer,0,0,/img/tire-passenger.webp,7th Circle|Bayader|Gardens
Kumho,Ecsta HS52,175,70,14,85,H,Passenger,All-season,0,0,/img/tire-passenger.webp,7th Circle|Gardens|Wadi Saqra
Giti,GitiSynergy E1,185,60,14,85,H,Passenger,Summer,0,0,/img/tire-passenger.webp,7th Circle|Mahatta|Bayader|Gardens
Lassa,Driveways,185,60,14,85,H,Passenger,All-season,0,0,/img/tire-passenger.webp,7th Circle|Mahatta|Bayader|Gardens
Continental,PremiumContact 7,185,60,14,85,H,Passenger,Summer,0,0,/img/tire-passenger.webp,7th Circle|Mahatta|Bayader|Gardens
Hankook,Ventus Prime4,185,60,14,85,H,Passenger,Summer,0,0,/img/tire-passenger.webp,7th Circle|Mahatta|Bayader|Gardens|Wadi Saqra
Falken,Ziex ZE310 Ecorun,185,60,14,85,H,Passenger,All-season,0,0,/img/tire-passenger.webp,7th Circle|Gardens|Wadi Saqra
Linglong,Comfort Master,185,65,14,85,H,Passenger,Summer,0,0,/img/tire-passenger.webp,7th Circle|Gardens|Wadi Saqra|Mahatta
Pirelli,Cinturato P7,185,65,14,85,H,Passenger,All-season,0,0,/img/tire-passenger.webp,7th Circle|Wadi Saqra|Mahatta|Bayader|Gardens
Bridgestone,Turanza 6,185,65,14,85,H,Passenger,Summer,0,0,/img/tire-passenger.webp,7th Circle|Wadi Saqra
Dunlop,Sport Maxx 060+,185,65,14,85,H,Passenger,Summer,0,0,/img/tire-passenger.webp,7th Circle|Gardens|Wadi Saqra|Mahatta|Bayader
Kumho,Ecsta HS52,185,65,14,85,H,Passenger,All-season,0,0,/img/tire-passenger.webp,7th Circle|Mahatta|Bayader
Toyo,Proxes Comfort,185,70,14,86,H,Passenger,Summer,0,0,/img/tire-passenger.webp,7th Circle|Gardens|Wadi Saqra|Mahatta
Nexen,N'Fera Primus,185,70,14,86,H,Passenger,All-season,0,0,/img/tire-passenger.webp,7th Circle|Mahatta|Bayader
Linglong,Comfort Master,185,70,14,86,H,Passenger,Summer,0,0,/img/tire-passenger.webp,7th Circle|Gardens|Wadi Saqra|Mahatta
Pirelli,Cinturato P7,185,70,14,86,H,Passenger,Summer,0,0,/img/tire-passenger.webp,7th Circle|Wadi Saqra|Mahatta|Bayader|Gardens
Bridgestone,Turanza 6,185,70,14,86,H,Passenger,All-season,0,0,/img/tire-passenger.webp,7th Circle|Gardens|Wadi Saqra|Mahatta
Bridgestone,Turanza 6,175,65,15,89,H,Passenger,Summer,0,0,/img/tire-passenger.webp,7th Circle|Bayader
Dunlop,Sport Maxx 060+,175,65,15,89,H,Passenger,All-season,0,0,/img/tire-passenger.webp,7th Circle|Bayader
Kumho,Ecsta HS52,175,65,15,89,H,Passenger,Summer,0,0,/img/tire-passenger.webp,7th Circle|Gardens|Wadi Saqra
Giti,GitiSynergy E1,175,65,15,89,H,Passenger,Summer,0,0,/img/tire-passenger.webp,7th Circle|Bayader|Gardens|Wadi Saqra|Mahatta
Lassa,Driveways,175,65,15,89,H,Passenger,All-season,0,0,/img/tire-passenger.webp,7th Circle|Wadi Saqra|Mahatta|Bayader
Michelin,Primacy 4+,185,55,15,89,H,Passenger,Summer,0,0,/img/tire-passenger.webp,7th Circle|Wadi Saqra
Goodyear,EfficientGrip Performance 2,185,55,15,89,H,Passenger,All-season,0,0,/img/tire-passenger.webp,7th Circle|Wadi Saqra
Toyo,Proxes Comfort,185,55,15,89,H,Passenger,Summer,0,0,/img/tire-passenger.webp,7th Circle|Bayader|Gardens|Wadi Saqra
Nexen,N'Fera Primus,185,55,15,89,H,Passenger,Summer,0,0,/img/tire-passenger.webp,7th Circle|Mahatta|Bayader|Gardens|Wadi Saqra
Linglong,Comfort Master,185,55,15,89,H,Passenger,All-season,0,0,/img/tire-passenger.webp,7th Circle|Bayader|Gardens
Continental,PremiumContact 7,185,60,15,90,H,Passenger,Summer,0,0,/img/tire-passenger.webp,7th Circle|Mahatta|Bayader|Gardens|Wadi Saqra
Hankook,Ventus Prime4,185,60,15,90,H,Passenger,All-season,0,0,/img/tire-passenger.webp,7th Circle|Mahatta
Falken,Ziex ZE310 Ecorun,185,60,15,90,H,Passenger,Summer,0,0,/img/tire-passenger.webp,7th Circle|Wadi Saqra|Mahatta|Bayader|Gardens
Sailun,Atrezzo Elite,185,60,15,90,H,Passenger,Summer,0,0,/img/tire-passenger.webp,7th Circle|Wadi Saqra
Petlas,Velox Sport PT741,185,60,15,90,H,Passenger,All-season,0,0,/img/tire-passenger.webp,7th Circle|Mahatta|Bayader
Michelin,Primacy 4+,185,65,15,90,H,Passenger,Summer,0,0,/img/tire-passenger.webp,7th Circle|Mahatta|Bayader
Goodyear,EfficientGrip Performance 2,185,65,15,90,H,Passenger,All-season,0,0,/img/tire-passenger.webp,7th Circle|Wadi Saqra
Toyo,Proxes Comfort,185,65,15,90,H,Passenger,Summer,0,0,/img/tire-passenger.webp,7th Circle|Mahatta|Bayader|Gardens
Nexen,N'Fera Primus,185,65,15,90,H,Passenger,Summer,0,0,/img/tire-passenger.webp,7th Circle|Wadi Saqra|Mahatta|Bayader|Gardens
Linglong,Comfort Master,185,65,15,90,H,Passenger,All-season,0,0,/img/tire-passenger.webp,7th Circle|Bayader|Gardens
Pirelli,Cinturato P7,195,50,15,90,H,Passenger,Summer,0,0,/img/tire-passenger.webp,7th Circle|Bayader|Gardens
Bridgestone,Turanza 6,195,50,15,90,H,Passenger,All-season,0,0,/img/tire-passenger.webp,7th Circle|Gardens|Wadi Saqra|Mahatta|Bayader
Dunlop,Sport Maxx 060+,195,50,15,90,H,Passenger,Summer,0,0,/img/tire-passenger.webp,7th Circle|Mahatta|Bayader|Gardens
Kumho,Ecsta HS52,195,50,15,90,H,Passenger,Summer,0,0,/img/tire-passenger.webp,7th Circle|Mahatta
Giti,GitiSynergy E1,195,50,15,90,H,Passenger,All-season,0,0,/img/tire-passenger.webp,7th Circle|Wadi Saqra
Linglong,Comfort Master,195,55,15,90,H,Passenger,Summer,0,0,/img/tire-passenger.webp,7th Circle|Mahatta|Bayader|Gardens
Pirelli,Cinturato P7,195,55,15,90,H,Passenger,All-season,0,0,/img/tire-passenger.webp,7th Circle|Mahatta|Bayader|Gardens
Bridgestone,Turanza 6,195,55,15,90,H,Passenger,Summer,0,0,/img/tire-passenger.webp,7th Circle|Bayader|Gardens
Dunlop,Sport Maxx 060+,195,55,15,90,H,Passenger,Summer,0,0,/img/tire-passenger.webp,7th Circle|Mahatta|Bayader|Gardens|Wadi Saqra
Kumho,Ecsta HS52,195,55,15,90,H,Passenger,All-season,0,0,/img/tire-passenger.webp,7th Circle|Bayader|Gardens
Sailun,Atrezzo Elite,195,60,15,91,H,Passenger,Summer,0,0,/img/tire-passenger.webp,7th Circle|Mahatta|Bayader
Petlas,Velox Sport PT741,195,60,15,91,H,Passenger,All-season,0,0,/img/tire-passenger.webp,7th Circle|Wadi Saqra|Mahatta
Michelin,Primacy 4+,195,60,15,91,H,Passenger,Summer,0,0,/img/tire-passenger.webp,7th Circle|Mahatta|Bayader|Gardens
Goodyear,EfficientGrip Performance 2,195,60,15,91,H,Passenger,Summer,0,0,/img/tire-passenger.webp,7th Circle|Mahatta|Bayader|Gardens
Toyo,Proxes Comfort,195,60,15,91,H,Passenger,All-season,0,0,/img/tire-passenger.webp,7th Circle|Mahatta|Bayader|Gardens|Wadi Saqra
Kumho,Ecsta HS52,195,65,15,91,H,Passenger,Summer,0,0,/img/tire-passenger.webp,7th Circle|Gardens
Giti,GitiSynergy E1,195,65,15,91,H,Passenger,All-season,0,0,/img/tire-passenger.webp,7th Circle|Mahatta|Bayader|Gardens|Wadi Saqra
Lassa,Driveways,195,65,15,91,H,Passenger,Summer,0,0,/img/tire-passenger.webp,7th Circle|Mahatta|Bayader
Continental,PremiumContact 7,195,65,15,91,H,Passenger,Summer,0,0,/img/tire-passenger.webp,7th Circle|Bayader|Gardens|Wadi Saqra
Hankook,Ventus Prime4,195,65,15,91,H,Passenger,All-season,0,0,/img/tire-passenger.webp,7th Circle|Bayader
Toyo,Proxes Comfort,205,60,15,92,H,Passenger,Summer,0,0,/img/tire-passenger.webp,7th Circle|Gardens
Nexen,N'Fera Primus,205,60,15,92,H,Passenger,All-season,0,0,/img/tire-passenger.webp,7th Circle|Wadi Saqra|Mahatta|Bayader
Linglong,Comfort Master,205,60,15,92,H,Passenger,Summer,0,0,/img/tire-passenger.webp,7th Circle|Mahatta|Bayader|Gardens|Wadi Saqra
Pirelli,Cinturato P7,205,60,15,92,H,Passenger,Summer,0,0,/img/tire-passenger.webp,7th Circle|Wadi Saqra|Mahatta|Bayader
Bridgestone,Turanza 6,205,60,15,92,H,Passenger,All-season,0,0,/img/tire-passenger.webp,7th Circle|Gardens|Wadi Saqra|Mahatta
Pirelli,Cinturato P7,205,65,15,92,H,Passenger,Summer,0,0,/img/tire-passenger.webp,7th Circle|Bayader|Gardens|Wadi Saqra
Bridgestone,Turanza 6,205,65,15,92,H,Passenger,All-season,0,0,/img/tire-passenger.webp,7th Circle|Mahatta|Bayader|Gardens
Dunlop,Sport Maxx 060+,205,65,15,92,H,Passenger,Summer,0,0,/img/tire-passenger.webp,7th Circle|Bayader|Gardens
Kumho,Ecsta HS52,205,65,15,92,H,Passenger,Summer,0,0,/img/tire-passenger.webp,7th Circle|Bayader|Gardens
Giti,GitiSynergy E1,205,65,15,92,H,Passenger,All-season,0,0,/img/tire-passenger.webp,7th Circle|Bayader|Gardens
Lassa,Driveways,185,55,16,92,V,Passenger,Summer,0,0,/img/tire-passenger.webp,7th Circle|Bayader
Continental,PremiumContact 7,185,55,16,92,V,Passenger,All-season,0,0,/img/tire-passenger.webp,7th Circle|Mahatta|Bayader|Gardens
Hankook,Ventus Prime4,185,55,16,92,V,Passenger,Summer,0,0,/img/tire-passenger.webp,7th Circle|Wadi Saqra|Mahatta|Bayader|Gardens
Falken,Ziex ZE310 Ecorun,185,55,16,92,V,Passenger,Summer,0,0,/img/tire-passenger.webp,7th Circle|Wadi Saqra|Mahatta
Sailun,Atrezzo Elite,185,55,16,92,V,Passenger,All-season,0,0,/img/tire-passenger.webp,7th Circle|Wadi Saqra|Mahatta|Bayader|Gardens
Petlas,Velox Sport PT741,195,50,16,93,V,Passenger,Summer,0,0,/img/tire-passenger.webp,7th Circle|Mahatta|Bayader|Gardens|Wadi Saqra
Michelin,Primacy 4+,195,50,16,93,V,Passenger,All-season,0,0,/img/tire-passenger.webp,7th Circle|Mahatta|Bayader
Goodyear,EfficientGrip Performance 2,195,50,16,93,V,Passenger,Summer,0,0,/img/tire-passenger.webp,7th Circle|Bayader
Toyo,Proxes Comfort,195,50,16,93,V,Passenger,Summer,0,0,/img/tire-passenger.webp,7th Circle|Wadi Saqra|Mahatta|Bayader
Nexen,N'Fera Primus,195,50,16,93,V,Passenger,All-season,0,0,/img/tire-passenger.webp,7th Circle|Mahatta|Bayader|Gardens|Wadi Saqra
Dunlop,Sport Maxx 060+,195,55,16,93,V,Passenger,Summer,0,0,/img/tire-passenger.webp,7th Circle|Bayader
Kumho,Ecsta HS52,195,55,16,93,V,Passenger,All-season,0,0,/img/tire-passenger.webp,7th Circle|Gardens|Wadi Saqra|Mahatta|Bayader
Giti,GitiSynergy E1,195,55,16,93,V,Passenger,Summer,0,0,/img/tire-passenger.webp,7th Circle|Mahatta|Bayader|Gardens
Lassa,Driveways,195,55,16,93,V,Passenger,Summer,0,0,/img/tire-passenger.webp,7th Circle|Mahatta|Bayader
Continental,PremiumContact 7,195,55,16,93,V,Passenger,All-season,0,0,/img/tire-passenger.webp,7th Circle|Bayader|Gardens|Wadi Saqra|Mahatta
Toyo,Proxes Comfort,195,60,16,94,V,Passenger,Summer,0,0,/img/tire-passenger.webp,7th Circle|Mahatta|Bayader
Nexen,N'Fera Primus,195,60,16,94,V,Passenger,All-season,0,0,/img/tire-passenger.webp,7th Circle|Bayader|Gardens|Wadi Saqra|Mahatta
Linglong,Comfort Master,195,60,16,94,V,Passenger,Summer,0,0,/img/tire-passenger.webp,7th Circle|Wadi Saqra|Mahatta|Bayader
Pirelli,Cinturato P7,195,60,16,94,V,Passenger,Summer,0,0,/img/tire-passenger.webp,7th Circle|Wadi Saqra|Mahatta|Bayader
Bridgestone,Turanza 6,195,60,16,94,V,Passenger,All-season,0,0,/img/tire-passenger.webp,7th Circle|Wadi Saqra|Mahatta
Goodyear,EfficientGrip Performance 2,205,50,16,94,V,Passenger,Summer,0,0,/img/tire-passenger.webp,7th Circle|Mahatta|Bayader|Gardens
Toyo,Proxes Comfort,205,50,16,94,V,Passenger,All-season,0,0,/img/tire-passenger.webp,7th Circle|Mahatta
Nexen,N'Fera Primus,205,50,16,94,V,Passenger,Summer,0,0,/img/tire-passenger.webp,7th Circle|Wadi Saqra|Mahatta|Bayader
Linglong,Comfort Master,205,50,16,94,V,Passenger,Summer,0,0,/img/tire-passenger.webp,7th Circle|Gardens|Wadi Saqra
Pirelli,Cinturato P7,205,50,16,94,V,Passenger,All-season,0,0,/img/tire-passenger.webp,7th Circle|Wadi Saqra|Mahatta|Bayader|Gardens
Bridgestone,Turanza 6,205,55,16,94,V,Passenger,Summer,0,0,/img/tire-passenger.webp,7th Circle|Mahatta|Bayader|Gardens
Dunlop,Sport Maxx 060+,205,55,16,94,V,Passenger,All-season,0,0,/img/tire-passenger.webp,7th Circle|Mahatta|Bayader|Gardens|Wadi Saqra
Kumho,Ecsta HS52,205,55,16,94,V,Passenger,Summer,0,0,/img/tire-passenger.webp,7th Circle|Gardens|Wadi Saqra|Mahatta|Bayader
Giti,GitiSynergy E1,205,55,16,94,V,Passenger,Summer,0,0,/img/tire-passenger.webp,7th Circle|Gardens|Wadi Saqra|Mahatta|Bayader
Lassa,Driveways,205,55,16,94,V,Passenger,All-season,0,0,/img/tire-passenger.webp,7th Circle|Mahatta|Bayader
Michelin,Primacy 4+,205,60,16,95,V,Passenger,Summer,0,0,/img/tire-passenger.webp,7th Circle|Mahatta|Bayader|Gardens
Goodyear,EfficientGrip Performance 2,205,60,16,95,V,Passenger,All-season,0,0,/img/tire-passenger.webp,7th Circle|Mahatta|Bayader|Gardens|Wadi Saqra
Toyo,Proxes Comfort,205,60,16,95,V,Passenger,Summer,0,0,/img/tire-passenger.webp,7th Circle|Mahatta
Nexen,N'Fera Primus,205,60,16,95,V,Passenger,Summer,0,0,/img/tire-passenger.webp,7th Circle|Mahatta|Bayader|Gardens|Wadi Saqra
Linglong,Comfort Master,205,60,16,95,V,Passenger,All-season,0,0,/img/tire-passenger.webp,7th Circle|Gardens|Wadi Saqra
Linglong,Comfort Master,215,55,16,95,V,Passenger,Summer,0,0,/img/tire-passenger.webp,7th Circle|Gardens
Pirelli,Cinturato P7,215,55,16,95,V,Passenger,All-season,0,0,/img/tire-passenger.webp,7th Circle|Gardens
Bridgestone,Turanza 6,215,55,16,95,V,Passenger,Summer,0,0,/img/tire-passenger.webp,7th Circle|Wadi Saqra
Dunlop,Sport Maxx 060+,215,55,16,95,V,Passenger,Summer,0,0,/img/tire-passenger.webp,7th Circle|Bayader|Gardens|Wadi Saqra|Mahatta
Kumho,Ecsta HS52,215,55,16,95,V,Passenger,All-season,0,0,/img/tire-passenger.webp,7th Circle|Mahatta
Nexen,N'Fera Primus,215,60,16,96,V,Passenger,Summer,0,0,/img/tire-passenger.webp,7th Circle|Wadi Saqra|Mahatta|Bayader
Linglong,Comfort Master,215,60,16,96,V,Passenger,All-season,0,0,/img/tire-passenger.webp,7th Circle|Mahatta|Bayader
Pirelli,Cinturato P7,215,60,16,96,V,Passenger,Summer,0,0,/img/tire-passenger.webp,7th Circle|Gardens
Bridgestone,Turanza 6,215,60,16,96,V,Passenger,Summer,0,0,/img/tire-passenger.webp,7th Circle|Wadi Saqra|Mahatta|Bayader|Gardens
Dunlop,Sport Maxx 060+,215,60,16,96,V,Passenger,All-season,0,0,/img/tire-passenger.webp,7th Circle|Wadi Saqra|Mahatta|Bayader|Gardens
Linglong,Comfort Master,225,55,16,96,V,Passenger,Summer,0,0,/img/tire-passenger.webp,7th Circle|Gardens
Pirelli,Cinturato P7,225,55,16,96,V,Passenger,All-season,0,0,/img/tire-passenger.webp,7th Circle|Mahatta|Bayader|Gardens|Wadi Saqra
Bridgestone,Turanza 6,225,55,16,96,V,Passenger,Summer,0,0,/img/tire-passenger.webp,7th Circle|Wadi Saqra|Mahatta|Bayader|Gardens
Dunlop,Sport Maxx 060+,225,55,16,96,V,Passenger,Summer,0,0,/img/tire-passenger.webp,7th Circle|Mahatta|Bayader|Gardens
Kumho,Ecsta HS52,225,55,16,96,V,Passenger,All-season,0,0,/img/tire-passenger.webp,7th Circle|Mahatta|Bayader
Kumho,Ecsta HS52,205,45,17,96,W,Passenger,Summer,0,0,/img/tire-passenger.webp,7th Circle|Mahatta|Bayader
Giti,GitiSynergy E1,205,45,17,96,W,Passenger,All-season,0,0,/img/tire-passenger.webp,7th Circle|Bayader|Gardens|Wadi Saqra|Mahatta
Lassa,Driveways,205,45,17,96,W,Passenger,Summer,0,0,/img/tire-passenger.webp,7th Circle|Mahatta|Bayader
Continental,PremiumContact 7,205,45,17,96,W,Passenger,Summer,0,0,/img/tire-passenger.webp,7th Circle|Mahatta|Bayader
Hankook,Ventus Prime4,205,45,17,96,W,Passenger,All-season,0,0,/img/tire-passenger.webp,7th Circle|Wadi Saqra
Dunlop,Sport Maxx 060+,205,50,17,97,V,Passenger,Summer,0,0,/img/tire-passenger.webp,7th Circle|Gardens|Wadi Saqra
Kumho,Ecsta HS52,205,50,17,97,V,Passenger,All-season,0,0,/img/tire-passenger.webp,7th Circle|Gardens|Wadi Saqra|Mahatta|Bayader
Giti,GitiSynergy E1,205,50,17,97,V,Passenger,Summer,0,0,/img/tire-passenger.webp,7th Circle|Bayader|Gardens
Lassa,Driveways,205,50,17,97,V,Passenger,Summer,0,0,/img/tire-passenger.webp,7th Circle|Gardens|Wadi Saqra
Continental,PremiumContact 7,205,50,17,97,V,Passenger,All-season,0,0,/img/tire-passenger.webp,7th Circle|Gardens|Wadi Saqra|Mahatta
Petlas,Velox Sport PT741,205,55,17,97,V,Passenger,Summer,0,0,/img/tire-passenger.webp,7th Circle|Bayader
Michelin,Primacy 4+,205,55,17,97,V,Passenger,All-season,0,0,/img/tire-passenger.webp,7th Circle|Bayader|Gardens|Wadi Saqra
Goodyear,EfficientGrip Performance 2,205,55,17,97,V,Passenger,Summer,0,0,/img/tire-passenger.webp,7th Circle|Wadi Saqra|Mahatta|Bayader
Toyo,Proxes Comfort,205,55,17,97,V,Passenger,Summer,0,0,/img/tire-passenger.webp,7th Circle|Wadi Saqra
Nexen,N'Fera Primus,205,55,17,97,V,Passenger,All-season,0,0,/img/tire-passenger.webp,7th Circle|Wadi Saqra
Nexen,N'Fera Primus,215,45,17,97,W,Passenger,Summer,0,0,/img/tire-passenger.webp,7th Circle|Gardens|Wadi Saqra|Mahatta
Linglong,Comfort Master,215,45,17,97,W,Passenger,All-season,0,0,/img/tire-passenger.webp,7th Circle|Wadi Saqra|Mahatta|Bayader|Gardens
Pirelli,Cinturato P7,215,45,17,97,W,Passenger,Summer,0,0,/img/tire-passenger.webp,7th Circle|Bayader|Gardens|Wadi Saqra
Bridgestone,Turanza 6,215,45,17,97,W,Passenger,Summer,0,0,/img/tire-passenger.webp,7th Circle|Bayader|Gardens|Wadi Saqra
Dunlop,Sport Maxx 060+,215,45,17,97,W,Passenger,All-season,0,0,/img/tire-passenger.webp,7th Circle|Bayader|Gardens|Wadi Saqra
Toyo,Proxes Comfort,215,50,17,98,V,Passenger,Summer,0,0,/img/tire-passenger.webp,7th Circle|Wadi Saqra|Mahatta|Bayader
Nexen,N'Fera Primus,215,50,17,98,V,Passenger,All-season,0,0,/img/tire-passenger.webp,7th Circle|Gardens|Wadi Saqra|Mahatta|Bayader
Linglong,Comfort Master,215,50,17,98,V,Passenger,Summer,0,0,/img/tire-passenger.webp,7th Circle|Gardens|Wadi Saqra|Mahatta|Bayader
Pirelli,Cinturato P7,215,50,17,98,V,Passenger,Summer,0,0,/img/tire-passenger.webp,7th Circle|Mahatta|Bayader
Bridgestone,Turanza 6,215,50,17,98,V,Passenger,All-season,0,0,/img/tire-passenger.webp,7th Circle|Mahatta|Bayader|Gardens
Dunlop,Sport Maxx 060+,215,55,17,98,V,Passenger,Summer,0,0,/img/tire-passenger.webp,7th Circle|Mahatta
Kumho,Ecsta HS52,215,55,17,98,V,Passenger,All-season,0,0,/img/tire-passenger.webp,7th Circle|Mahatta
Giti,GitiSynergy E1,215,55,17,98,V,Passenger,Summer,0,0,/img/tire-passenger.webp,7th Circle|Gardens|Wadi Saqra
Lassa,Driveways,215,55,17,98,V,Passenger,Summer,0,0,/img/tire-passenger.webp,7th Circle|Mahatta|Bayader|Gardens
Continental,PremiumContact 7,215,55,17,98,V,Passenger,All-season,0,0,/img/tire-passenger.webp,7th Circle|Bayader|Gardens|Wadi Saqra
Nexen,N'Fera Primus,225,45,17,98,W,Passenger,Summer,0,0,/img/tire-passenger.webp,7th Circle|Bayader
Linglong,Comfort Master,225,45,17,98,W,Passenger,All-season,0,0,/img/tire-passenger.webp,7th Circle|Mahatta|Bayader|Gardens|Wadi Saqra
Pirelli,Cinturato P7,225,45,17,98,W,Passenger,Summer,0,0,/img/tire-passenger.webp,7th Circle|Bayader|Gardens
Bridgestone,Turanza 6,225,45,17,98,W,Passenger,Summer,0,0,/img/tire-passenger.webp,7th Circle|Wadi Saqra|Mahatta
Dunlop,Sport Maxx 060+,225,45,17,98,W,Passenger,All-season,0,0,/img/tire-passenger.webp,7th Circle|Mahatta|Bayader|Gardens
Falken,Ziex ZE310 Ecorun,225,50,17,99,V,Passenger,Summer,0,0,/img/tire-passenger.webp,7th Circle|Wadi Saqra
Sailun,Atrezzo Elite,225,50,17,99,V,Passenger,All-season,0,0,/img/tire-passenger.webp,7th Circle|Mahatta
Petlas,Velox Sport PT741,225,50,17,99,V,Passenger,Summer,0,0,/img/tire-passenger.webp,7th Circle|Bayader|Gardens|Wadi Saqra|Mahatta
Michelin,Primacy 4+,225,50,17,99,V,Passenger,Summer,0,0,/img/tire-passenger.webp,7th Circle|Wadi Saqra|Mahatta|Bayader
Goodyear,EfficientGrip Performance 2,225,50,17,99,V,Passenger,All-season,0,0,/img/tire-passenger.webp,7th Circle|Gardens|Wadi Saqra|Mahatta|Bayader
Bridgestone,Turanza 6,225,55,17,99,V,Passenger,Summer,0,0,/img/tire-passenger.webp,7th Circle|Wadi Saqra|Mahatta|Bayader
Dunlop,Sport Maxx 060+,225,55,17,99,V,Passenger,All-season,0,0,/img/tire-passenger.webp,7th Circle|Wadi Saqra|Mahatta|Bayader
Kumho,Ecsta HS52,225,55,17,99,V,Passenger,Summer,0,0,/img/tire-passenger.webp,7th Circle|Mahatta|Bayader|Gardens|Wadi Saqra
Giti,GitiSynergy E1,225,55,17,99,V,Passenger,Summer,0,0,/img/tire-passenger.webp,7th Circle|Mahatta
Lassa,Driveways,225,55,17,99,V,Passenger,All-season,0,0,/img/tire-passenger.webp,7th Circle|Wadi Saqra|Mahatta
Bridgestone,Turanza 6,235,45,17,99,W,Passenger,Summer,0,0,/img/tire-passenger.webp,7th Circle|Mahatta|Bayader|Gardens|Wadi Saqra
Dunlop,Sport Maxx 060+,235,45,17,99,W,Passenger,All-season,0,0,/img/tire-passenger.webp,7th Circle|Gardens
Kumho,Ecsta HS52,235,45,17,99,W,Passenger,Summer,0,0,/img/tire-passenger.webp,7th Circle|Mahatta|Bayader|Gardens|Wadi Saqra
Giti,GitiSynergy E1,235,45,17,99,W,Passenger,Summer,0,0,/img/tire-passenger.webp,7th Circle|Mahatta|Bayader|Gardens|Wadi Saqra
Lassa,Driveways,235,45,17,99,W,Passenger,All-season,0,0,/img/tire-passenger.webp,7th Circle|Mahatta|Bayader|Gardens|Wadi Saqra
Kumho,Ecsta HS52,245,45,17,100,W,Passenger,Summer,0,0,/img/tire-passenger.webp,7th Circle|Gardens|Wadi Saqra|Mahatta
Giti,GitiSynergy E1,245,45,17,100,W,Passenger,All-season,0,0,/img/tire-passenger.webp,7th Circle|Wadi Saqra|Mahatta|Bayader|Gardens
Lassa,Driveways,245,45,17,100,W,Passenger,Summer,0,0,/img/tire-passenger.webp,7th Circle|Bayader|Gardens
Continental,PremiumContact 7,245,45,17,100,W,Passenger,Summer,0,0,/img/tire-passenger.webp,7th Circle|Mahatta|Bayader|Gardens|Wadi Saqra
Hankook,Ventus Prime4,245,45,17,100,W,Passenger,All-season,0,0,/img/tire-passenger.webp,7th Circle|Bayader|Gardens|Wadi Saqra|Mahatta
Pirelli,P Zero,215,40,18,99,Y,Passenger,Summer,0,0,/img/tire-passenger.webp,7th Circle|Mahatta|Bayader|Gardens
Bridgestone,Potenza Sport,215,40,18,99,Y,Passenger,Summer,0,0,/img/tire-passenger.webp,7th Circle|Mahatta|Bayader|Gardens
Dunlop,Sport Maxx RT2,215,40,18,99,Y,Passenger,Summer,0,0,/img/tire-passenger.webp,7th Circle|Wadi Saqra
Kumho,Ecsta PS71,215,40,18,99,Y,Passenger,Summer,0,0,/img/tire-passenger.webp,7th Circle|Bayader|Gardens
Continental,SportContact 7,215,40,18,99,Y,Passenger,Summer,0,0,/img/tire-passenger.webp,7th Circle|Mahatta|Bayader
Toyo,Proxes Comfort,215,45,18,99,W,Passenger,Summer,0,0,/img/tire-passenger.webp,7th Circle|Wadi Saqra|Mahatta
Nexen,N'Fera Primus,215,45,18,99,W,Passenger,All-season,0,0,/img/tire-passenger.webp,7th Circle|Bayader
Linglong,Comfort Master,215,45,18,99,W,Passenger,Summer,0,0,/img/tire-passenger.webp,7th Circle|Mahatta|Bayader|Gardens
Pirelli,Cinturato P7,215,45,18,99,W,Passenger,Summer,0,0,/img/tire-passenger.webp,7th Circle|Wadi Saqra|Mahatta
Bridgestone,Turanza 6,215,45,18,99,W,Passenger,All-season,0,0,/img/tire-passenger.webp,7th Circle|Mahatta|Bayader|Gardens|Wadi Saqra
Pirelli,P Zero,225,40,18,100,Y,Passenger,Summer,0,0,/img/tire-passenger.webp,7th Circle|Wadi Saqra|Mahatta|Bayader
Bridgestone,Potenza Sport,225,40,18,100,Y,Passenger,Summer,0,0,/img/tire-passenger.webp,7th Circle|Gardens|Wadi Saqra|Mahatta
Dunlop,Sport Maxx RT2,225,40,18,100,Y,Passenger,Summer,0,0,/img/tire-passenger.webp,7th Circle|Mahatta
Kumho,Ecsta PS71,225,40,18,100,Y,Passenger,Summer,0,0,/img/tire-passenger.webp,7th Circle|Mahatta
Continental,SportContact 7,225,40,18,100,Y,Passenger,Summer,0,0,/img/tire-passenger.webp,7th Circle|Bayader|Gardens
Nexen,N'Fera Primus,225,45,18,100,W,Passenger,Summer,0,0,/img/tire-passenger.webp,7th Circle|Wadi Saqra|Mahatta
Linglong,Comfort Master,225,45,18,100,W,Passenger,All-season,0,0,/img/tire-passenger.webp,7th Circle|Mahatta|Bayader
Pirelli,Cinturato P7,225,45,18,100,W,Passenger,Summer,0,0,/img/tire-passenger.webp,7th Circle|Mahatta|Bayader
Bridgestone,Turanza 6,225,45,18,100,W,Passenger,Summer,0,0,/img/tire-passenger.webp,7th Circle|Wadi Saqra|Mahatta
Dunlop,Sport Maxx 060+,225,45,18,100,W,Passenger,All-season,0,0,/img/tire-passenger.webp,7th Circle|Mahatta|Bayader
Continental,PremiumContact 7,225,50,18,101,V,Passenger,Summer,0,0,/img/tire-passenger.webp,7th Circle|Gardens|Wadi Saqra
Hankook,Ventus Prime4,225,50,18,101,V,Passenger,All-season,0,0,/img/tire-passenger.webp,7th Circle|Mahatta|Bayader|Gardens|Wadi Saqra
Falken,Ziex ZE310 Ecorun,225,50,18,101,V,Passenger,Summer,0,0,/img/tire-passenger.webp,7th Circle|Bayader|Gardens
Sailun,Atrezzo Elite,225,50,18,101,V,Passenger,Summer,0,0,/img/tire-passenger.webp,7th Circle|Wadi Saqra|Mahatta|Bayader|Gardens
Petlas,Velox Sport PT741,225,50,18,101,V,Passenger,All-season,0,0,/img/tire-passenger.webp,7th Circle|Mahatta|Bayader|Gardens
Goodyear,Eagle F1 Asymmetric 6,235,40,18,101,Y,Passenger,Summer,0,0,/img/tire-passenger.webp,7th Circle|Mahatta|Bayader|Gardens|Wadi Saqra
Falken,Azenis FK520,235,40,18,101,Y,Passenger,Summer,0,0,/img/tire-passenger.webp,7th Circle|Mahatta|Bayader|Gardens
Pirelli,P Zero,235,40,18,101,Y,Passenger,Summer,0,0,/img/tire-passenger.webp,7th Circle|Mahatta|Bayader|Gardens|Wadi Saqra
Bridgestone,Potenza Sport,235,40,18,101,Y,Passenger,Summer,0,0,/img/tire-passenger.webp,7th Circle|Mahatta|Bayader|Gardens|Wadi Saqra
Dunlop,Sport Maxx RT2,235,40,18,101,Y,Passenger,Summer,0,0,/img/tire-passenger.webp,7th Circle|Bayader|Gardens|Wadi Saqra|Mahatta
Pirelli,Cinturato P7,235,45,18,101,W,Passenger,Summer,0,0,/img/tire-passenger.webp,7th Circle|Bayader
Bridgestone,Turanza 6,235,45,18,101,W,Passenger,All-season,0,0,/img/tire-passenger.webp,7th Circle|Gardens|Wadi Saqra|Mahatta|Bayader
Dunlop,Sport Maxx 060+,235,45,18,101,W,Passenger,Summer,0,0,/img/tire-passenger.webp,7th Circle|Mahatta
Kumho,Ecsta HS52,235,45,18,101,W,Passenger,Summer,0,0,/img/tire-passenger.webp,7th Circle|Gardens
Giti,GitiSynergy E1,235,45,18,101,W,Passenger,All-season,0,0,/img/tire-passenger.webp,7th Circle|Mahatta|Bayader|Gardens|Wadi Saqra
Continental,SportContact 7,245,40,18,102,Y,Passenger,Summer,0,0,/img/tire-passenger.webp,7th Circle|Mahatta|Bayader
Hankook,Ventus S1 evo3,245,40,18,102,Y,Passenger,Summer,0,0,/img/tire-passenger.webp,7th Circle|Wadi Saqra|Mahatta|Bayader
Toyo,Proxes Sport,245,40,18,102,Y,Passenger,Summer,0,0,/img/tire-passenger.webp,7th Circle|Wadi Saqra|Mahatta|Bayader|Gardens
Michelin,Pilot Sport 5,245,40,18,102,Y,Passenger,Summer,0,0,/img/tire-passenger.webp,7th Circle|Gardens|Wadi Saqra|Mahatta
Goodyear,Eagle F1 Asymmetric 6,245,40,18,102,Y,Passenger,Summer,0,0,/img/tire-passenger.webp,7th Circle|Wadi Saqra|Mahatta|Bayader|Gardens
Bridgestone,Turanza 6,245,45,18,102,W,Passenger,Summer,0,0,/img/tire-passenger.webp,7th Circle|Wadi Saqra
Dunlop,Sport Maxx 060+,245,45,18,102,W,Passenger,All-season,0,0,/img/tire-passenger.webp,7th Circle|Mahatta|Bayader
Kumho,Ecsta HS52,245,45,18,102,W,Passenger,Summer,0,0,/img/tire-passenger.webp,7th Circle|Mahatta|Bayader|Gardens|Wadi Saqra
Giti,GitiSynergy E1,245,45,18,102,W,Passenger,Summer,0,0,/img/tire-passenger.webp,7th Circle|Bayader|Gardens|Wadi Saqra|Mahatta
Lassa,Driveways,245,45,18,102,W,Passenger,All-season,0,0,/img/tire-passenger.webp,7th Circle|Bayader|Gardens|Wadi Saqra|Mahatta
Pirelli,P Zero,255,35,18,102,Y,Passenger,Summer,0,0,/img/tire-passenger.webp,7th Circle|Bayader|Gardens|Wadi Saqra|Mahatta
Bridgestone,Potenza Sport,255,35,18,102,Y,Passenger,Summer,0,0,/img/tire-passenger.webp,7th Circle|Gardens|Wadi Saqra|Mahatta
Dunlop,Sport Maxx RT2,255,35,18,102,Y,Passenger,Summer,0,0,/img/tire-passenger.webp,7th Circle|Wadi Saqra|Mahatta
Kumho,Ecsta PS71,255,35,18,102,Y,Passenger,Summer,0,0,/img/tire-passenger.webp,7th Circle|Gardens|Wadi Saqra|Mahatta
Continental,SportContact 7,255,35,18,102,Y,Passenger,Summer,0,0,/img/tire-passenger.webp,7th Circle|Mahatta|Bayader|Gardens|Wadi Saqra
Goodyear,Eagle F1 Asymmetric 6,255,40,18,103,Y,Passenger,Summer,0,0,/img/tire-passenger.webp,7th Circle|Wadi Saqra
Falken,Azenis FK520,255,40,18,103,Y,Passenger,Summer,0,0,/img/tire-passenger.webp,7th Circle|Mahatta|Bayader
Pirelli,P Zero,255,40,18,103,Y,Passenger,Summer,0,0,/img/tire-passenger.webp,7th Circle|Bayader
Bridgestone,Potenza Sport,255,40,18,103,Y,Passenger,Summer,0,0,/img/tire-passenger.webp,7th Circle|Mahatta|Bayader|Gardens
Dunlop,Sport Maxx RT2,255,40,18,103,Y,Passenger,Summer,0,0,/img/tire-passenger.webp,7th Circle|Wadi Saqra
Hankook,Ventus S1 evo3,225,40,19,101,Y,Passenger,Summer,0,0,/img/tire-passenger.webp,7th Circle|Mahatta|Bayader
Toyo,Proxes Sport,225,40,19,101,Y,Passenger,Summer,0,0,/img/tire-passenger.webp,7th Circle|Bayader|Gardens
Michelin,Pilot Sport 5,225,40,19,101,Y,Passenger,Summer,0,0,/img/tire-passenger.webp,7th Circle|Bayader
Goodyear,Eagle F1 Asymmetric 6,225,40,19,101,Y,Passenger,Summer,0,0,/img/tire-passenger.webp,7th Circle|Wadi Saqra
Falken,Azenis FK520,225,40,19,101,Y,Passenger,Summer,0,0,/img/tire-passenger.webp,7th Circle|Mahatta
Falken,Azenis FK520,235,35,19,101,Y,Passenger,Summer,0,0,/img/tire-passenger.webp,7th Circle|Gardens|Wadi Saqra|Mahatta
Pirelli,P Zero,235,35,19,101,Y,Passenger,Summer,0,0,/img/tire-passenger.webp,7th Circle|Bayader
Bridgestone,Potenza Sport,235,35,19,101,Y,Passenger,Summer,0,0,/img/tire-passenger.webp,7th Circle|Wadi Saqra|Mahatta|Bayader
Dunlop,Sport Maxx RT2,235,35,19,101,Y,Passenger,Summer,0,0,/img/tire-passenger.webp,7th Circle|Gardens|Wadi Saqra
Kumho,Ecsta PS71,235,35,19,101,Y,Passenger,Summer,0,0,/img/tire-passenger.webp,7th Circle|Mahatta|Bayader
Dunlop,Sport Maxx RT2,235,40,19,102,Y,Passenger,Summer,0,0,/img/tire-passenger.webp,7th Circle|Mahatta|Bayader
Kumho,Ecsta PS71,235,40,19,102,Y,Passenger,Summer,0,0,/img/tire-passenger.webp,7th Circle|Bayader
Continental,SportContact 7,235,40,19,102,Y,Passenger,Summer,0,0,/img/tire-passenger.webp,7th Circle|Mahatta|Bayader|Gardens|Wadi Saqra
Hankook,Ventus S1 evo3,235,40,19,102,Y,Passenger,Summer,0,0,/img/tire-passenger.webp,7th Circle|Gardens|Wadi Saqra|Mahatta|Bayader
Toyo,Proxes Sport,235,40,19,102,Y,Passenger,Summer,0,0,/img/tire-passenger.webp,7th Circle|Gardens|Wadi Saqra|Mahatta|Bayader
Michelin,Pilot Sport 5,245,35,19,102,Y,Passenger,Summer,0,0,/img/tire-passenger.webp,7th Circle|Mahatta
Goodyear,Eagle F1 Asymmetric 6,245,35,19,102,Y,Passenger,Summer,0,0,/img/tire-passenger.webp,7th Circle|Mahatta|Bayader|Gardens
Falken,Azenis FK520,245,35,19,102,Y,Passenger,Summer,0,0,/img/tire-passenger.webp,7th Circle|Wadi Saqra
Pirelli,P Zero,245,35,19,102,Y,Passenger,Summer,0,0,/img/tire-passenger.webp,7th Circle|Mahatta|Bayader
Bridgestone,Potenza Sport,245,35,19,102,Y,Passenger,Summer,0,0,/img/tire-passenger.webp,7th Circle|Bayader|Gardens
Kumho,Ecsta PS71,245,40,19,103,Y,Passenger,Summer,0,0,/img/tire-passenger.webp,7th Circle|Bayader|Gardens
Continental,SportContact 7,245,40,19,103,Y,Passenger,Summer,0,0,/img/tire-passenger.webp,7th Circle|Mahatta|Bayader|Gardens
Hankook,Ventus S1 evo3,245,40,19,103,Y,Passenger,Summer,0,0,/img/tire-passenger.webp,7th Circle|Mahatta|Bayader|Gardens
Toyo,Proxes Sport,245,40,19,103,Y,Passenger,Summer,0,0,/img/tire-passenger.webp,7th Circle|Bayader|Gardens|Wadi Saqra
Michelin,Pilot Sport 5,245,40,19,103,Y,Passenger,Summer,0,0,/img/tire-passenger.webp,7th Circle|Bayader|Gardens|Wadi Saqra|Mahatta
Continental,SportContact 7,245,45,19,103,W,Passenger,Summer,0,0,/img/tire-passenger.webp,7th Circle|Gardens|Wadi Saqra|Mahatta
Hankook,Ventus S1 evo3,245,45,19,103,W,Passenger,Summer,0,0,/img/tire-passenger.webp,7th Circle|Mahatta
Toyo,Proxes Sport,245,45,19,103,W,Passenger,Summer,0,0,/img/tire-passenger.webp,7th Circle|Mahatta|Bayader
Michelin,Pilot Sport 5,245,45,19,103,W,Passenger,Summer,0,0,/img/tire-passenger.webp,7th Circle|Mahatta|Bayader
Goodyear,Eagle F1 Asymmetric 6,245,45,19,103,W,Passenger,Summer,0,0,/img/tire-passenger.webp,7th Circle|Gardens|Wadi Saqra|Mahatta
Pirelli,P Zero,255,35,19,103,Y,Passenger,Summer,0,0,/img/tire-passenger.webp,7th Circle|Gardens|Wadi Saqra|Mahatta|Bayader
Bridgestone,Potenza Sport,255,35,19,103,Y,Passenger,Summer,0,0,/img/tire-passenger.webp,7th Circle|Gardens|Wadi Saqra|Mahatta
Dunlop,Sport Maxx RT2,255,35,19,103,Y,Passenger,Summer,0,0,/img/tire-passenger.webp,7th Circle|Mahatta
Kumho,Ecsta PS71,255,35,19,103,Y,Passenger,Summer,0,0,/img/tire-passenger.webp,7th Circle|Mahatta|Bayader|Gardens|Wadi Saqra
Continental,SportContact 7,255,35,19,103,Y,Passenger,Summer,0,0,/img/tire-passenger.webp,7th Circle|Mahatta|Bayader
Goodyear,Eagle F1 Asymmetric 6,255,40,19,104,Y,Passenger,Summer,0,0,/img/tire-passenger.webp,7th Circle|Mahatta|Bayader|Gardens
Falken,Azenis FK520,255,40,19,104,Y,Passenger,Summer,0,0,/img/tire-passenger.webp,7th Circle|Mahatta|Bayader|Gardens
Pirelli,P Zero,255,40,19,104,Y,Passenger,Summer,0,0,/img/tire-passenger.webp,7th Circle|Mahatta|Bayader|Gardens
Bridgestone,Potenza Sport,255,40,19,104,Y,Passenger,Summer,0,0,/img/tire-passenger.webp,7th Circle|Mahatta|Bayader|Gardens|Wadi Saqra
Dunlop,Sport Maxx RT2,255,40,19,104,Y,Passenger,Summer,0,0,/img/tire-passenger.webp,7th Circle|Bayader|Gardens|Wadi Saqra
Kumho,Ecsta PS71,275,35,19,105,Y,Passenger,Summer,0,0,/img/tire-passenger.webp,7th Circle|Wadi Saqra|Mahatta|Bayader
Continental,SportContact 7,275,35,19,105,Y,Passenger,Summer,0,0,/img/tire-passenger.webp,7th Circle|Bayader|Gardens|Wadi Saqra|Mahatta
Hankook,Ventus S1 evo3,275,35,19,105,Y,Passenger,Summer,0,0,/img/tire-passenger.webp,7th Circle|Wadi Saqra|Mahatta
Toyo,Proxes Sport,275,35,19,105,Y,Passenger,Summer,0,0,/img/tire-passenger.webp,7th Circle|Mahatta|Bayader
Michelin,Pilot Sport 5,275,35,19,105,Y,Passenger,Summer,0,0,/img/tire-passenger.webp,7th Circle|Mahatta|Bayader
Kumho,Ecsta PS71,245,35,20,104,Y,Passenger,Summer,0,0,/img/tire-passenger.webp,7th Circle|Gardens|Wadi Saqra|Mahatta
Continental,SportContact 7,245,35,20,104,Y,Passenger,Summer,0,0,/img/tire-passenger.webp,7th Circle|Bayader|Gardens|Wadi Saqra
Hankook,Ventus S1 evo3,245,35,20,104,Y,Passenger,Summer,0,0,/img/tire-passenger.webp,7th Circle|Mahatta
Toyo,Proxes Sport,245,35,20,104,Y,Passenger,Summer,0,0,/img/tire-passenger.webp,7th Circle|Bayader
Michelin,Pilot Sport 5,245,35,20,104,Y,Passenger,Summer,0,0,/img/tire-passenger.webp,7th Circle|Wadi Saqra
Kumho,Ecsta PS71,245,40,20,105,Y,Passenger,Summer,0,0,/img/tire-passenger.webp,7th Circle|Gardens
Continental,SportContact 7,245,40,20,105,Y,Passenger,Summer,0,0,/img/tire-passenger.webp,7th Circle|Mahatta|Bayader
Hankook,Ventus S1 evo3,245,40,20,105,Y,Passenger,Summer,0,0,/img/tire-passenger.webp,7th Circle|Mahatta
Toyo,Proxes Sport,245,40,20,105,Y,Passenger,Summer,0,0,/img/tire-passenger.webp,7th Circle|Wadi Saqra|Mahatta
Michelin,Pilot Sport 5,245,40,20,105,Y,Passenger,Summer,0,0,/img/tire-passenger.webp,7th Circle|Bayader|Gardens|Wadi Saqra
Michelin,Pilot Sport 5,255,35,20,105,Y,Passenger,Summer,0,0,/img/tire-passenger.webp,7th Circle|Gardens
Goodyear,Eagle F1 Asymmetric 6,255,35,20,105,Y,Passenger,Summer,0,0,/img/tire-passenger.webp,7th Circle|Bayader|Gardens|Wadi Saqra|Mahatta
Falken,Azenis FK520,255,35,20,105,Y,Passenger,Summer,0,0,/img/tire-passenger.webp,7th Circle|Gardens|Wadi Saqra|Mahatta
Pirelli,P Zero,255,35,20,105,Y,Passenger,Summer,0,0,/img/tire-passenger.webp,7th Circle|Wadi Saqra|Mahatta|Bayader
Bridgestone,Potenza Sport,255,35,20,105,Y,Passenger,Summer,0,0,/img/tire-passenger.webp,7th Circle|Mahatta|Bayader|Gardens
Kumho,Ecsta PS71,275,30,20,107,Y,Passenger,Summer,0,0,/img/tire-passenger.webp,7th Circle|Mahatta|Bayader|Gardens|Wadi Saqra
Continental,SportContact 7,275,30,20,107,Y,Passenger,Summer,0,0,/img/tire-passenger.webp,7th Circle|Mahatta|Bayader|Gardens
Hankook,Ventus S1 evo3,275,30,20,107,Y,Passenger,Summer,0,0,/img/tire-passenger.webp,7th Circle|Mahatta|Bayader
Toyo,Proxes Sport,275,30,20,107,Y,Passenger,Summer,0,0,/img/tire-passenger.webp,7th Circle|Wadi Saqra|Mahatta|Bayader
Michelin,Pilot Sport 5,275,30,20,107,Y,Passenger,Summer,0,0,/img/tire-passenger.webp,7th Circle|Wadi Saqra
Falken,Azenis FK520,275,35,20,107,Y,Passenger,Summer,0,0,/img/tire-passenger.webp,7th Circle|Mahatta|Bayader|Gardens
Pirelli,P Zero,275,35,20,107,Y,Passenger,Summer,0,0,/img/tire-passenger.webp,7th Circle|Gardens|Wadi Saqra|Mahatta|Bayader
Bridgestone,Potenza Sport,275,35,20,107,Y,Passenger,Summer,0,0,/img/tire-passenger.webp,7th Circle|Mahatta
Dunlop,Sport Maxx RT2,275,35,20,107,Y,Passenger,Summer,0,0,/img/tire-passenger.webp,7th Circle|Wadi Saqra|Mahatta
Kumho,Ecsta PS71,275,35,20,107,Y,Passenger,Summer,0,0,/img/tire-passenger.webp,7th Circle|Wadi Saqra
Continental,SportContact 7,285,30,20,108,Y,Passenger,Summer,0,0,/img/tire-passenger.webp,7th Circle|Wadi Saqra|Mahatta
Hankook,Ventus S1 evo3,285,30,20,108,Y,Passenger,Summer,0,0,/img/tire-passenger.webp,7th Circle|Wadi Saqra|Mahatta|Bayader
Toyo,Proxes Sport,285,30,20,108,Y,Passenger,Summer,0,0,/img/tire-passenger.webp,7th Circle|Gardens|Wadi Saqra|Mahatta|Bayader
Michelin,Pilot Sport 5,285,30,20,108,Y,Passenger,Summer,0,0,/img/tire-passenger.webp,7th Circle|Mahatta|Bayader|Gardens
Goodyear,Eagle F1 Asymmetric 6,285,30,20,108,Y,Passenger,Summer,0,0,/img/tire-passenger.webp,7th Circle|Mahatta|Bayader|Gardens
Falken,Azenis FK520,295,30,21,111,Y,Passenger,Summer,0,0,/img/tire-passenger.webp,7th Circle|Mahatta|Bayader|Gardens|Wadi Saqra
Pirelli,P Zero,295,30,21,111,Y,Passenger,Summer,0,0,/img/tire-passenger.webp,7th Circle|Gardens|Wadi Saqra|Mahatta
Bridgestone,Potenza Sport,295,30,21,111,Y,Passenger,Summer,0,0,/img/tire-passenger.webp,7th Circle|Gardens|Wadi Saqra
Dunlop,Sport Maxx RT2,295,30,21,111,Y,Passenger,Summer,0,0,/img/tire-passenger.webp,7th Circle|Mahatta|Bayader
Kumho,Ecsta PS71,295,30,21,111,Y,Passenger,Summer,0,0,/img/tire-passenger.webp,7th Circle|Mahatta
Giti,GitiComfort SUV520,215,60,17,102,H,SUV,Summer,0,0,/img/tire-suv.webp,7th Circle|Mahatta|Bayader
Michelin,Primacy SUV+,215,60,17,102,H,SUV,All-season,0,0,/img/tire-suv.webp,7th Circle|Bayader|Gardens|Wadi Saqra
Goodyear,EfficientGrip 2 SUV,215,60,17,102,H,SUV,Summer,0,0,/img/tire-suv.webp,7th Circle|Mahatta|Bayader|Gardens|Wadi Saqra
Kumho,Crugen HP71,215,60,17,102,H,SUV,All-season,0,0,/img/tire-suv.webp,7th Circle|Mahatta|Bayader|Gardens|Wadi Saqra
Falken,Ziex ZE001 A/S,215,60,17,102,H,SUV,Summer,0,0,/img/tire-suv.webp,7th Circle|Mahatta|Bayader|Gardens
Giti,GitiComfort SUV520,215,65,16,99,H,SUV,Summer,0,0,/img/tire-suv.webp,7th Circle|Mahatta|Bayader|Gardens|Wadi Saqra
Michelin,Primacy SUV+,215,65,16,99,H,SUV,All-season,0,0,/img/tire-suv.webp,7th Circle|Mahatta
Goodyear,EfficientGrip 2 SUV,215,65,16,99,H,SUV,Summer,0,0,/img/tire-suv.webp,7th Circle|Gardens|Wadi Saqra
Kumho,Crugen HP71,215,65,16,99,H,SUV,All-season,0,0,/img/tire-suv.webp,7th Circle|Mahatta|Bayader|Gardens
Falken,Ziex ZE001 A/S,215,65,16,99,H,SUV,Summer,0,0,/img/tire-suv.webp,7th Circle|Wadi Saqra
Linglong,Crosswind HP010,215,65,17,102,H,SUV,Summer,0,0,/img/tire-suv.webp,7th Circle|Mahatta|Bayader|Gardens|Wadi Saqra
Continental,CrossContact RX,215,65,17,102,H,SUV,All-season,0,0,/img/tire-suv.webp,7th Circle|Bayader|Gardens
Hankook,Dynapro HP2,215,65,17,102,H,SUV,Summer,0,0,/img/tire-suv.webp,7th Circle|Bayader|Gardens|Wadi Saqra
Nexen,Roadian GTX,215,65,17,102,H,SUV,All-season,0,0,/img/tire-suv.webp,7th Circle|Mahatta|Bayader|Gardens
Dunlop,Grandtrek PT3,215,65,17,102,H,SUV,Summer,0,0,/img/tire-suv.webp,7th Circle|Gardens
Giti,GitiComfort SUV520,215,70,16,100,H,SUV,Summer,0,0,/img/tire-suv.webp,7th Circle|Gardens|Wadi Saqra
Michelin,Primacy SUV+,215,70,16,100,H,SUV,All-season,0,0,/img/tire-suv.webp,7th Circle|Mahatta
Goodyear,EfficientGrip 2 SUV,215,70,16,100,H,SUV,Summer,0,0,/img/tire-suv.webp,7th Circle|Wadi Saqra|Mahatta|Bayader|Gardens
Kumho,Crugen HP71,215,70,16,100,H,SUV,All-season,0,0,/img/tire-suv.webp,7th Circle|Gardens|Wadi Saqra
Falken,Ziex ZE001 A/S,215,70,16,100,H,SUV,Summer,0,0,/img/tire-suv.webp,7th Circle|Gardens
Giti,GitiComfort SUV520,225,60,17,103,H,SUV,Summer,0,0,/img/tire-suv.webp,7th Circle|Bayader|Gardens|Wadi Saqra
Michelin,Primacy SUV+,225,60,17,103,H,SUV,All-season,0,0,/img/tire-suv.webp,7th Circle|Gardens
Goodyear,EfficientGrip 2 SUV,225,60,17,103,H,SUV,Summer,0,0,/img/tire-suv.webp,7th Circle|Gardens|Wadi Saqra|Mahatta|Bayader
Kumho,Crugen HP71,225,60,17,103,H,SUV,All-season,0,0,/img/tire-suv.webp,7th Circle|Mahatta|Bayader
Falken,Ziex ZE001 A/S,225,60,17,103,H,SUV,Summer,0,0,/img/tire-suv.webp,7th Circle|Bayader|Gardens|Wadi Saqra
Hankook,Dynapro HP2,225,65,17,103,H,SUV,Summer,0,0,/img/tire-suv.webp,7th Circle|Gardens|Wadi Saqra
Nexen,Roadian GTX,225,65,17,103,H,SUV,All-season,0,0,/img/tire-suv.webp,7th Circle|Mahatta
Dunlop,Grandtrek PT3,225,65,17,103,H,SUV,Summer,0,0,/img/tire-suv.webp,7th Circle|Gardens|Wadi Saqra|Mahatta
Pirelli,Scorpion Verde,225,65,17,103,H,SUV,All-season,0,0,/img/tire-suv.webp,7th Circle|Bayader|Gardens|Wadi Saqra|Mahatta
Bridgestone,Alenza 001,225,65,17,103,H,SUV,Summer,0,0,/img/tire-suv.webp,7th Circle|Wadi Saqra
Giti,GitiComfort SUV520,225,60,18,105,H,SUV,Summer,0,0,/img/tire-suv.webp,7th Circle|Mahatta|Bayader|Gardens|Wadi Saqra
Michelin,Primacy SUV+,225,60,18,105,H,SUV,All-season,0,0,/img/tire-suv.webp,7th Circle|Mahatta
Goodyear,EfficientGrip 2 SUV,225,60,18,105,H,SUV,Summer,0,0,/img/tire-suv.webp,7th Circle|Bayader|Gardens
Kumho,Crugen HP71,225,60,18,105,H,SUV,All-season,0,0,/img/tire-suv.webp,7th Circle|Gardens
Falken,Ziex ZE001 A/S,225,60,18,105,H,SUV,Summer,0,0,/img/tire-suv.webp,7th Circle|Gardens|Wadi Saqra|Mahatta|Bayader
Pirelli,Scorpion Verde,225,55,18,104,V,SUV,Summer,0,0,/img/tire-suv.webp,7th Circle|Wadi Saqra
Bridgestone,Alenza 001,225,55,18,104,V,SUV,All-season,0,0,/img/tire-suv.webp,7th Circle|Wadi Saqra|Mahatta
Toyo,Proxes CL1 SUV,225,55,18,104,V,SUV,Summer,0,0,/img/tire-suv.webp,7th Circle|Mahatta|Bayader|Gardens
Sailun,Terramax CVR,225,55,18,104,V,SUV,All-season,0,0,/img/tire-suv.webp,7th Circle|Bayader|Gardens|Wadi Saqra
Giti,GitiComfort SUV520,225,55,18,104,V,SUV,Summer,0,0,/img/tire-suv.webp,7th Circle|Bayader
Dunlop,Grandtrek PT3,225,55,19,105,V,SUV,Summer,0,0,/img/tire-suv.webp,7th Circle|Gardens
Pirelli,Scorpion Verde,225,55,19,105,V,SUV,All-season,0,0,/img/tire-suv.webp,7th Circle|Wadi Saqra|Mahatta|Bayader|Gardens
Bridgestone,Alenza 001,225,55,19,105,V,SUV,Summer,0,0,/img/tire-suv.webp,7th Circle|Mahatta|Bayader|Gardens
Toyo,Proxes CL1 SUV,225,55,19,105,V,SUV,All-season,0,0,/img/tire-suv.webp,7th Circle|Wadi Saqra|Mahatta|Bayader
Sailun,Terramax CVR,225,55,19,105,V,SUV,Summer,0,0,/img/tire-suv.webp,7th Circle|Wadi Saqra|Mahatta
Michelin,Primacy SUV+,235,55,17,103,V,SUV,Summer,0,0,/img/tire-suv.webp,7th Circle|Bayader
Goodyear,EfficientGrip 2 SUV,235,55,17,103,V,SUV,All-season,0,0,/img/tire-suv.webp,7th Circle|Gardens|Wadi Saqra
Kumho,Crugen HP71,235,55,17,103,V,SUV,Summer,0,0,/img/tire-suv.webp,7th Circle|Gardens|Wadi Saqra|Mahatta
Falken,Ziex ZE001 A/S,235,55,17,103,V,SUV,All-season,0,0,/img/tire-suv.webp,7th Circle|Wadi Saqra|Mahatta
Linglong,Crosswind HP010,235,55,17,103,V,SUV,Summer,0,0,/img/tire-suv.webp,7th Circle|Mahatta|Bayader|Gardens|Wadi Saqra
Michelin,Primacy SUV+,235,55,18,105,V,SUV,Summer,0,0,/img/tire-suv.webp,7th Circle|Mahatta|Bayader|Gardens|Wadi Saqra
Goodyear,EfficientGrip 2 SUV,235,55,18,105,V,SUV,All-season,0,0,/img/tire-suv.webp,7th Circle|Gardens|Wadi Saqra|Mahatta|Bayader
Kumho,Crugen HP71,235,55,18,105,V,SUV,Summer,0,0,/img/tire-suv.webp,7th Circle|Wadi Saqra|Mahatta|Bayader
Falken,Ziex ZE001 A/S,235,55,18,105,V,SUV,All-season,0,0,/img/tire-suv.webp,7th Circle|Wadi Saqra|Mahatta|Bayader|Gardens
Linglong,Crosswind HP010,235,55,18,105,V,SUV,Summer,0,0,/img/tire-suv.webp,7th Circle|Mahatta
Bridgestone,Alenza 001,235,55,19,106,V,SUV,Summer,0,0,/img/tire-suv.webp,7th Circle|Wadi Saqra|Mahatta|Bayader|Gardens
Toyo,Proxes CL1 SUV,235,55,19,106,V,SUV,All-season,0,0,/img/tire-suv.webp,7th Circle|Mahatta
Sailun,Terramax CVR,235,55,19,106,V,SUV,Summer,0,0,/img/tire-suv.webp,7th Circle|Mahatta|Bayader
Giti,GitiComfort SUV520,235,55,19,106,V,SUV,All-season,0,0,/img/tire-suv.webp,7th Circle|Bayader|Gardens|Wadi Saqra
Michelin,Primacy SUV+,235,55,19,106,V,SUV,Summer,0,0,/img/tire-suv.webp,7th Circle|Bayader
Bridgestone,Alenza 001,235,60,16,101,H,SUV,Summer,0,0,/img/tire-suv.webp,7th Circle|Mahatta|Bayader|Gardens|Wadi Saqra
Toyo,Proxes CL1 SUV,235,60,16,101,H,SUV,All-season,0,0,/img/tire-suv.webp,7th Circle|Mahatta
Sailun,Terramax CVR,235,60,16,101,H,SUV,Summer,0,0,/img/tire-suv.webp,7th Circle|Mahatta|Bayader
Giti,GitiComfort SUV520,235,60,16,101,H,SUV,All-season,0,0,/img/tire-suv.webp,7th Circle|Mahatta
Michelin,Primacy SUV+,235,60,16,101,H,SUV,Summer,0,0,/img/tire-suv.webp,7th Circle|Gardens|Wadi Saqra
Hankook,Dynapro HP2,235,60,17,104,H,SUV,Summer,0,0,/img/tire-suv.webp,7th Circle|Bayader|Gardens|Wadi Saqra|Mahatta
Nexen,Roadian GTX,235,60,17,104,H,SUV,All-season,0,0,/img/tire-suv.webp,7th Circle|Mahatta|Bayader|Gardens|Wadi Saqra
Dunlop,Grandtrek PT3,235,60,17,104,H,SUV,Summer,0,0,/img/tire-suv.webp,7th Circle|Bayader|Gardens
Pirelli,Scorpion Verde,235,60,17,104,H,SUV,All-season,0,0,/img/tire-suv.webp,7th Circle|Gardens|Wadi Saqra
Bridgestone,Alenza 001,235,60,17,104,H,SUV,Summer,0,0,/img/tire-suv.webp,7th Circle|Wadi Saqra
Michelin,Primacy SUV+,235,60,18,106,H,SUV,Summer,0,0,/img/tire-suv.webp,7th Circle|Gardens|Wadi Saqra|Mahatta
Goodyear,EfficientGrip 2 SUV,235,60,18,106,H,SUV,All-season,0,0,/img/tire-suv.webp,7th Circle|Bayader
Kumho,Crugen HP71,235,60,18,106,H,SUV,Summer,0,0,/img/tire-suv.webp,7th Circle|Mahatta|Bayader|Gardens|Wadi Saqra
Falken,Ziex ZE001 A/S,235,60,18,106,H,SUV,All-season,0,0,/img/tire-suv.webp,7th Circle|Mahatta|Bayader|Gardens
Linglong,Crosswind HP010,235,60,18,106,H,SUV,Summer,0,0,/img/tire-suv.webp,7th Circle|Mahatta|Bayader
Sailun,Terramax CVR,235,65,17,104,H,SUV,Summer,0,0,/img/tire-suv.webp,7th Circle|Mahatta|Bayader|Gardens
Giti,GitiComfort SUV520,235,65,17,104,H,SUV,All-season,0,0,/img/tire-suv.webp,7th Circle|Bayader|Gardens|Wadi Saqra
Michelin,Primacy SUV+,235,65,17,104,H,SUV,Summer,0,0,/img/tire-suv.webp,7th Circle|Bayader|Gardens|Wadi Saqra|Mahatta
Goodyear,EfficientGrip 2 SUV,235,65,17,104,H,SUV,All-season,0,0,/img/tire-suv.webp,7th Circle|Wadi Saqra|Mahatta|Bayader|Gardens
Kumho,Crugen HP71,235,65,17,104,H,SUV,Summer,0,0,/img/tire-suv.webp,7th Circle|Wadi Saqra|Mahatta|Bayader|Gardens
Hankook,Dynapro HP2,235,65,18,106,H,SUV,Summer,0,0,/img/tire-suv.webp,7th Circle|Wadi Saqra
Nexen,Roadian GTX,235,65,18,106,H,SUV,All-season,0,0,/img/tire-suv.webp,7th Circle|Wadi Saqra|Mahatta|Bayader|Gardens
Dunlop,Grandtrek PT3,235,65,18,106,H,SUV,Summer,0,0,/img/tire-suv.webp,7th Circle|Mahatta|Bayader|Gardens|Wadi Saqra
Pirelli,Scorpion Verde,235,65,18,106,H,SUV,All-season,0,0,/img/tire-suv.webp,7th Circle|Wadi Saqra|Mahatta|Bayader|Gardens
Bridgestone,Alenza 001,235,65,18,106,H,SUV,Summer,0,0,/img/tire-suv.webp,7th Circle|Mahatta|Bayader|Gardens|Wadi Saqra
Continental,CrossContact RX,235,50,18,105,V,SUV,Summer,0,0,/img/tire-suv.webp,7th Circle|Gardens
Hankook,Dynapro HP2,235,50,18,105,V,SUV,All-season,0,0,/img/tire-suv.webp,7th Circle|Gardens
Nexen,Roadian GTX,235,50,18,105,V,SUV,Summer,0,0,/img/tire-suv.webp,7th Circle|Mahatta|Bayader|Gardens
Dunlop,Grandtrek PT3,235,50,18,105,V,SUV,All-season,0,0,/img/tire-suv.webp,7th Circle|Wadi Saqra
Pirelli,Scorpion Verde,235,50,18,105,V,SUV,Summer,0,0,/img/tire-suv.webp,7th Circle|Bayader|Gardens
Bridgestone,Alenza 001,235,50,19,106,V,SUV,Summer,0,0,/img/tire-suv.webp,7th Circle|Mahatta|Bayader|Gardens|Wadi Saqra
Toyo,Proxes CL1 SUV,235,50,19,106,V,SUV,All-season,0,0,/img/tire-suv.webp,7th Circle|Gardens|Wadi Saqra
Sailun,Terramax CVR,235,50,19,106,V,SUV,Summer,0,0,/img/tire-suv.webp,7th Circle|Mahatta
Giti,GitiComfort SUV520,235,50,19,106,V,SUV,All-season,0,0,/img/tire-suv.webp,7th Circle|Mahatta|Bayader|Gardens
Michelin,Primacy SUV+,235,50,19,106,V,SUV,Summer,0,0,/img/tire-suv.webp,7th Circle|Gardens
Continental,CrossContact RX,235,50,20,108,V,SUV,Summer,0,0,/img/tire-suv.webp,7th Circle|Wadi Saqra|Mahatta|Bayader|Gardens
Hankook,Dynapro HP2,235,50,20,108,V,SUV,All-season,0,0,/img/tire-suv.webp,7th Circle|Bayader|Gardens|Wadi Saqra
Nexen,Roadian GTX,235,50,20,108,V,SUV,Summer,0,0,/img/tire-suv.webp,7th Circle|Gardens|Wadi Saqra|Mahatta
Dunlop,Grandtrek PT3,235,50,20,108,V,SUV,All-season,0,0,/img/tire-suv.webp,7th Circle|Mahatta|Bayader
Pirelli,Scorpion Verde,235,50,20,108,V,SUV,Summer,0,0,/img/tire-suv.webp,7th Circle|Wadi Saqra|Mahatta
Dunlop,Grandtrek PT3,245,45,20,108,V,SUV,Summer,0,0,/img/tire-suv.webp,7th Circle|Gardens|Wadi Saqra
Pirelli,Scorpion Verde,245,45,20,108,V,SUV,All-season,0,0,/img/tire-suv.webp,7th Circle|Wadi Saqra|Mahatta|Bayader|Gardens
Bridgestone,Alenza 001,245,45,20,108,V,SUV,Summer,0,0,/img/tire-suv.webp,7th Circle|Mahatta|Bayader|Gardens
Toyo,Proxes CL1 SUV,245,45,20,108,V,SUV,All-season,0,0,/img/tire-suv.webp,7th Circle|Mahatta|Bayader
Sailun,Terramax CVR,245,45,20,108,V,SUV,Summer,0,0,/img/tire-suv.webp,7th Circle|Wadi Saqra|Mahatta|Bayader
Dunlop,Grandtrek PT3,245,50,19,107,V,SUV,Summer,0,0,/img/tire-suv.webp,7th Circle|Bayader
Pirelli,Scorpion Verde,245,50,19,107,V,SUV,All-season,0,0,/img/tire-suv.webp,7th Circle|Gardens
Bridgestone,Alenza 001,245,50,19,107,V,SUV,Summer,0,0,/img/tire-suv.webp,7th Circle|Gardens|Wadi Saqra|Mahatta
Toyo,Proxes CL1 SUV,245,50,19,107,V,SUV,All-season,0,0,/img/tire-suv.webp,7th Circle|Mahatta|Bayader|Gardens|Wadi Saqra
Sailun,Terramax CVR,245,50,19,107,V,SUV,Summer,0,0,/img/tire-suv.webp,7th Circle|Mahatta|Bayader|Gardens|Wadi Saqra
Giti,GitiComfort SUV520,245,50,20,109,V,SUV,Summer,0,0,/img/tire-suv.webp,7th Circle|Bayader|Gardens|Wadi Saqra|Mahatta
Michelin,Primacy SUV+,245,50,20,109,V,SUV,All-season,0,0,/img/tire-suv.webp,7th Circle|Mahatta|Bayader|Gardens
Goodyear,EfficientGrip 2 SUV,245,50,20,109,V,SUV,Summer,0,0,/img/tire-suv.webp,7th Circle|Mahatta
Kumho,Crugen HP71,245,50,20,109,V,SUV,All-season,0,0,/img/tire-suv.webp,7th Circle|Bayader|Gardens|Wadi Saqra|Mahatta
Falken,Ziex ZE001 A/S,245,50,20,109,V,SUV,Summer,0,0,/img/tire-suv.webp,7th Circle|Bayader|Gardens|Wadi Saqra|Mahatta
Giti,GitiComfort SUV520,245,55,19,107,V,SUV,Summer,0,0,/img/tire-suv.webp,7th Circle|Gardens
Michelin,Primacy SUV+,245,55,19,107,V,SUV,All-season,0,0,/img/tire-suv.webp,7th Circle|Gardens
Goodyear,EfficientGrip 2 SUV,245,55,19,107,V,SUV,Summer,0,0,/img/tire-suv.webp,7th Circle|Mahatta
Kumho,Crugen HP71,245,55,19,107,V,SUV,All-season,0,0,/img/tire-suv.webp,7th Circle|Mahatta|Bayader
Falken,Ziex ZE001 A/S,245,55,19,107,V,SUV,Summer,0,0,/img/tire-suv.webp,7th Circle|Bayader
Hankook,Dynapro HP2,245,60,18,107,H,SUV,Summer,0,0,/img/tire-suv.webp,7th Circle|Gardens|Wadi Saqra
Nexen,Roadian GTX,245,60,18,107,H,SUV,All-season,0,0,/img/tire-suv.webp,7th Circle|Mahatta|Bayader
Dunlop,Grandtrek PT3,245,60,18,107,H,SUV,Summer,0,0,/img/tire-suv.webp,7th Circle|Wadi Saqra|Mahatta|Bayader|Gardens
Pirelli,Scorpion Verde,245,60,18,107,H,SUV,All-season,0,0,/img/tire-suv.webp,7th Circle|Bayader|Gardens
Bridgestone,Alenza 001,245,60,18,107,H,SUV,Summer,0,0,/img/tire-suv.webp,7th Circle|Bayader
Michelin,Primacy SUV+,245,65,17,105,H,SUV,Summer,0,0,/img/tire-suv.webp,7th Circle|Wadi Saqra|Mahatta
Goodyear,EfficientGrip 2 SUV,245,65,17,105,H,SUV,All-season,0,0,/img/tire-suv.webp,7th Circle|Wadi Saqra
Kumho,Crugen HP71,245,65,17,105,H,SUV,Summer,0,0,/img/tire-suv.webp,7th Circle|Gardens|Wadi Saqra|Mahatta|Bayader
Falken,Ziex ZE001 A/S,245,65,17,105,H,SUV,All-season,0,0,/img/tire-suv.webp,7th Circle|Bayader|Gardens
Linglong,Crosswind HP010,245,65,17,105,H,SUV,Summer,0,0,/img/tire-suv.webp,7th Circle|Gardens
Bridgestone,Alenza 001,255,45,20,109,V,SUV,Summer,0,0,/img/tire-suv.webp,7th Circle|Mahatta|Bayader|Gardens
Toyo,Proxes CL1 SUV,255,45,20,109,V,SUV,All-season,0,0,/img/tire-suv.webp,7th Circle|Gardens|Wadi Saqra
Sailun,Terramax CVR,255,45,20,109,V,SUV,Summer,0,0,/img/tire-suv.webp,7th Circle|Bayader|Gardens|Wadi Saqra
Giti,GitiComfort SUV520,255,45,20,109,V,SUV,All-season,0,0,/img/tire-suv.webp,7th Circle|Mahatta
Michelin,Primacy SUV+,255,45,20,109,V,SUV,Summer,0,0,/img/tire-suv.webp,7th Circle|Mahatta|Bayader|Gardens
Hankook,Dynapro HP2,255,50,19,108,V,SUV,Summer,0,0,/img/tire-suv.webp,7th Circle|Gardens|Wadi Saqra|Mahatta
Nexen,Roadian GTX,255,50,19,108,V,SUV,All-season,0,0,/img/tire-suv.webp,7th Circle|Mahatta|Bayader|Gardens|Wadi Saqra
Dunlop,Grandtrek PT3,255,50,19,108,V,SUV,Summer,0,0,/img/tire-suv.webp,7th Circle|Bayader
Pirelli,Scorpion Verde,255,50,19,108,V,SUV,All-season,0,0,/img/tire-suv.webp,7th Circle|Bayader|Gardens
Bridgestone,Alenza 001,255,50,19,108,V,SUV,Summer,0,0,/img/tire-suv.webp,7th Circle|Mahatta|Bayader|Gardens
Linglong,Crosswind HP010,255,50,20,110,V,SUV,Summer,0,0,/img/tire-suv.webp,7th Circle|Wadi Saqra|Mahatta|Bayader|Gardens
Continental,CrossContact RX,255,50,20,110,V,SUV,All-season,0,0,/img/tire-suv.webp,7th Circle|Bayader|Gardens|Wadi Saqra|Mahatta
Hankook,Dynapro HP2,255,50,20,110,V,SUV,Summer,0,0,/img/tire-suv.webp,7th Circle|Mahatta|Bayader|Gardens|Wadi Saqra
Nexen,Roadian GTX,255,50,20,110,V,SUV,All-season,0,0,/img/tire-suv.webp,7th Circle|Mahatta
Dunlop,Grandtrek PT3,255,50,20,110,V,SUV,Summer,0,0,/img/tire-suv.webp,7th Circle|Mahatta
Bridgestone,Alenza 001,255,55,18,107,V,SUV,Summer,0,0,/img/tire-suv.webp,7th Circle|Wadi Saqra|Mahatta
Toyo,Proxes CL1 SUV,255,55,18,107,V,SUV,All-season,0,0,/img/tire-suv.webp,7th Circle|Mahatta|Bayader
Sailun,Terramax CVR,255,55,18,107,V,SUV,Summer,0,0,/img/tire-suv.webp,7th Circle|Gardens|Wadi Saqra|Mahatta
Giti,GitiComfort SUV520,255,55,18,107,V,SUV,All-season,0,0,/img/tire-suv.webp,7th Circle|Bayader|Gardens|Wadi Saqra|Mahatta
Michelin,Primacy SUV+,255,55,18,107,V,SUV,Summer,0,0,/img/tire-suv.webp,7th Circle|Mahatta
Bridgestone,Alenza 001,255,55,19,108,V,SUV,Summer,0,0,/img/tire-suv.webp,7th Circle|Gardens|Wadi Saqra|Mahatta
Toyo,Proxes CL1 SUV,255,55,19,108,V,SUV,All-season,0,0,/img/tire-suv.webp,7th Circle|Bayader|Gardens|Wadi Saqra
Sailun,Terramax CVR,255,55,19,108,V,SUV,Summer,0,0,/img/tire-suv.webp,7th Circle|Mahatta|Bayader|Gardens|Wadi Saqra
Giti,GitiComfort SUV520,255,55,19,108,V,SUV,All-season,0,0,/img/tire-suv.webp,7th Circle|Bayader|Gardens
Michelin,Primacy SUV+,255,55,19,108,V,SUV,Summer,0,0,/img/tire-suv.webp,7th Circle|Mahatta|Bayader|Gardens
Continental,CrossContact RX,255,55,20,110,V,SUV,Summer,0,0,/img/tire-suv.webp,7th Circle|Gardens|Wadi Saqra|Mahatta|Bayader
Hankook,Dynapro HP2,255,55,20,110,V,SUV,All-season,0,0,/img/tire-suv.webp,7th Circle|Wadi Saqra
Nexen,Roadian GTX,255,55,20,110,V,SUV,Summer,0,0,/img/tire-suv.webp,7th Circle|Gardens
Dunlop,Grandtrek PT3,255,55,20,110,V,SUV,All-season,0,0,/img/tire-suv.webp,7th Circle|Mahatta|Bayader|Gardens|Wadi Saqra
Pirelli,Scorpion Verde,255,55,20,110,V,SUV,Summer,0,0,/img/tire-suv.webp,7th Circle|Bayader|Gardens|Wadi Saqra
Toyo,Proxes CL1 SUV,255,60,18,108,H,SUV,Summer,0,0,/img/tire-suv.webp,7th Circle|Gardens|Wadi Saqra|Mahatta
Sailun,Terramax CVR,255,60,18,108,H,SUV,All-season,0,0,/img/tire-suv.webp,7th Circle|Mahatta
Giti,GitiComfort SUV520,255,60,18,108,H,SUV,Summer,0,0,/img/tire-suv.webp,7th Circle|Mahatta|Bayader|Gardens|Wadi Saqra
Michelin,Primacy SUV+,255,60,18,108,H,SUV,All-season,0,0,/img/tire-suv.webp,7th Circle|Gardens|Wadi Saqra
Goodyear,EfficientGrip 2 SUV,255,60,18,108,H,SUV,Summer,0,0,/img/tire-suv.webp,7th Circle|Gardens|Wadi Saqra
Michelin,Primacy SUV+,255,60,19,109,H,SUV,Summer,0,0,/img/tire-suv.webp,7th Circle|Mahatta
Goodyear,EfficientGrip 2 SUV,255,60,19,109,H,SUV,All-season,0,0,/img/tire-suv.webp,7th Circle|Mahatta|Bayader|Gardens|Wadi Saqra
Kumho,Crugen HP71,255,60,19,109,H,SUV,Summer,0,0,/img/tire-suv.webp,7th Circle|Bayader|Gardens
Falken,Ziex ZE001 A/S,255,60,19,109,H,SUV,All-season,0,0,/img/tire-suv.webp,7th Circle|Mahatta|Bayader|Gardens
Linglong,Crosswind HP010,255,60,19,109,H,SUV,Summer,0,0,/img/tire-suv.webp,7th Circle|Mahatta|Bayader|Gardens
Sailun,Terramax CVR,265,45,20,110,V,SUV,Summer,0,0,/img/tire-suv.webp,7th Circle|Wadi Saqra|Mahatta|Bayader|Gardens
Giti,GitiComfort SUV520,265,45,20,110,V,SUV,All-season,0,0,/img/tire-suv.webp,7th Circle|Mahatta
Michelin,Primacy SUV+,265,45,20,110,V,SUV,Summer,0,0,/img/tire-suv.webp,7th Circle|Bayader
Goodyear,EfficientGrip 2 SUV,265,45,20,110,V,SUV,All-season,0,0,/img/tire-suv.webp,7th Circle|Bayader
Kumho,Crugen HP71,265,45,20,110,V,SUV,Summer,0,0,/img/tire-suv.webp,7th Circle|Bayader
Giti,GitiComfort SUV520,265,50,19,109,V,SUV,Summer,0,0,/img/tire-suv.webp,7th Circle|Bayader|Gardens|Wadi Saqra|Mahatta
Michelin,Primacy SUV+,265,50,19,109,V,SUV,All-season,0,0,/img/tire-suv.webp,7th Circle|Mahatta|Bayader
Goodyear,EfficientGrip 2 SUV,265,50,19,109,V,SUV,Summer,0,0,/img/tire-suv.webp,7th Circle|Wadi Saqra|Mahatta|Bayader|Gardens
Kumho,Crugen HP71,265,50,19,109,V,SUV,All-season,0,0,/img/tire-suv.webp,7th Circle|Wadi Saqra|Mahatta
Falken,Ziex ZE001 A/S,265,50,19,109,V,SUV,Summer,0,0,/img/tire-suv.webp,7th Circle|Bayader
Giti,GitiComfort SUV520,265,50,20,111,V,SUV,Summer,0,0,/img/tire-suv.webp,7th Circle|Bayader|Gardens
Michelin,Primacy SUV+,265,50,20,111,V,SUV,All-season,0,0,/img/tire-suv.webp,7th Circle|Wadi Saqra
Goodyear,EfficientGrip 2 SUV,265,50,20,111,V,SUV,Summer,0,0,/img/tire-suv.webp,7th Circle|Mahatta|Bayader
Kumho,Crugen HP71,265,50,20,111,V,SUV,All-season,0,0,/img/tire-suv.webp,7th Circle|Gardens|Wadi Saqra
Falken,Ziex ZE001 A/S,265,50,20,111,V,SUV,Summer,0,0,/img/tire-suv.webp,7th Circle|Mahatta|Bayader|Gardens|Wadi Saqra
Giti,GitiComfort SUV520,265,60,18,109,H,SUV,Summer,0,0,/img/tire-suv.webp,7th Circle|Mahatta|Bayader|Gardens
Michelin,Primacy SUV+,265,60,18,109,H,SUV,All-season,0,0,/img/tire-suv.webp,7th Circle|Bayader
Goodyear,EfficientGrip 2 SUV,265,60,18,109,H,SUV,Summer,0,0,/img/tire-suv.webp,7th Circle|Wadi Saqra|Mahatta|Bayader
Kumho,Crugen HP71,265,60,18,109,H,SUV,All-season,0,0,/img/tire-suv.webp,7th Circle|Mahatta|Bayader
Falken,Ziex ZE001 A/S,265,60,18,109,H,SUV,Summer,0,0,/img/tire-suv.webp,7th Circle|Gardens
Kumho,Crugen HP71,265,65,17,107,H,SUV,Summer,0,0,/img/tire-suv.webp,7th Circle|Mahatta|Bayader|Gardens
Falken,Ziex ZE001 A/S,265,65,17,107,H,SUV,All-season,0,0,/img/tire-suv.webp,7th Circle|Mahatta|Bayader|Gardens
Linglong,Crosswind HP010,265,65,17,107,H,SUV,Summer,0,0,/img/tire-suv.webp,7th Circle|Mahatta|Bayader
Continental,CrossContact RX,265,65,17,107,H,SUV,All-season,0,0,/img/tire-suv.webp,7th Circle|Gardens|Wadi Saqra|Mahatta|Bayader
Hankook,Dynapro HP2,265,65,17,107,H,SUV,Summer,0,0,/img/tire-suv.webp,7th Circle|Gardens|Wadi Saqra|Mahatta|Bayader
Continental,CrossContact RX,265,65,18,109,H,SUV,Summer,0,0,/img/tire-suv.webp,7th Circle|Bayader|Gardens|Wadi Saqra|Mahatta
Hankook,Dynapro HP2,265,65,18,109,H,SUV,All-season,0,0,/img/tire-suv.webp,7th Circle|Bayader|Gardens
Nexen,Roadian GTX,265,65,18,109,H,SUV,Summer,0,0,/img/tire-suv.webp,7th Circle|Wadi Saqra|Mahatta
Dunlop,Grandtrek PT3,265,65,18,109,H,SUV,All-season,0,0,/img/tire-suv.webp,7th Circle|Gardens
Pirelli,Scorpion Verde,265,65,18,109,H,SUV,Summer,0,0,/img/tire-suv.webp,7th Circle|Mahatta|Bayader
Michelin,Primacy SUV+,265,70,16,105,H,SUV,Summer,0,0,/img/tire-suv.webp,7th Circle|Wadi Saqra|Mahatta|Bayader
Goodyear,EfficientGrip 2 SUV,265,70,16,105,H,SUV,All-season,0,0,/img/tire-suv.webp,7th Circle|Mahatta
Kumho,Crugen HP71,265,70,16,105,H,SUV,Summer,0,0,/img/tire-suv.webp,7th Circle|Bayader|Gardens|Wadi Saqra
Falken,Ziex ZE001 A/S,265,70,16,105,H,SUV,All-season,0,0,/img/tire-suv.webp,7th Circle|Bayader
Linglong,Crosswind HP010,265,70,16,105,H,SUV,Summer,0,0,/img/tire-suv.webp,7th Circle|Gardens|Wadi Saqra|Mahatta
Sailun,Terramax CVR,265,70,17,108,H,SUV,Summer,0,0,/img/tire-suv.webp,7th Circle|Gardens|Wadi Saqra
Giti,GitiComfort SUV520,265,70,17,108,H,SUV,All-season,0,0,/img/tire-suv.webp,7th Circle|Bayader|Gardens
Michelin,Primacy SUV+,265,70,17,108,H,SUV,Summer,0,0,/img/tire-suv.webp,7th Circle|Mahatta|Bayader
Goodyear,EfficientGrip 2 SUV,265,70,17,108,H,SUV,All-season,0,0,/img/tire-suv.webp,7th Circle|Gardens|Wadi Saqra|Mahatta
Kumho,Crugen HP71,265,70,17,108,H,SUV,Summer,0,0,/img/tire-suv.webp,7th Circle|Wadi Saqra|Mahatta|Bayader|Gardens
Kumho,Crugen HP71,275,40,21,113,V,SUV,Summer,0,0,/img/tire-suv.webp,7th Circle|Wadi Saqra
Falken,Ziex ZE001 A/S,275,40,21,113,V,SUV,All-season,0,0,/img/tire-suv.webp,7th Circle|Gardens|Wadi Saqra|Mahatta
Linglong,Crosswind HP010,275,40,21,113,V,SUV,Summer,0,0,/img/tire-suv.webp,7th Circle|Mahatta|Bayader
Continental,CrossContact RX,275,40,21,113,V,SUV,All-season,0,0,/img/tire-suv.webp,7th Circle|Mahatta|Bayader|Gardens
Hankook,Dynapro HP2,275,40,21,113,V,SUV,Summer,0,0,/img/tire-suv.webp,7th Circle|Wadi Saqra|Mahatta
Sailun,Terramax CVR,275,40,22,116,V,SUV,Summer,0,0,/img/tire-suv.webp,7th Circle|Mahatta|Bayader|Gardens|Wadi Saqra
Giti,GitiComfort SUV520,275,40,22,116,V,SUV,All-season,0,0,/img/tire-suv.webp,7th Circle|Mahatta|Bayader|Gardens|Wadi Saqra
Michelin,Primacy SUV+,275,40,22,116,V,SUV,Summer,0,0,/img/tire-suv.webp,7th Circle|Mahatta|Bayader
Goodyear,EfficientGrip 2 SUV,275,40,22,116,V,SUV,All-season,0,0,/img/tire-suv.webp,7th Circle|Bayader|Gardens
Kumho,Crugen HP71,275,40,22,116,V,SUV,Summer,0,0,/img/tire-suv.webp,7th Circle|Gardens|Wadi Saqra
Bridgestone,Alenza 001,275,45,20,111,V,SUV,Summer,0,0,/img/tire-suv.webp,7th Circle|Wadi Saqra|Mahatta|Bayader|Gardens
Toyo,Proxes CL1 SUV,275,45,20,111,V,SUV,All-season,0,0,/img/tire-suv.webp,7th Circle|Gardens|Wadi Saqra|Mahatta
Sailun,Terramax CVR,275,45,20,111,V,SUV,Summer,0,0,/img/tire-suv.webp,7th Circle|Wadi Saqra|Mahatta
Giti,GitiComfort SUV520,275,45,20,111,V,SUV,All-season,0,0,/img/tire-suv.webp,7th Circle|Mahatta|Bayader
Michelin,Primacy SUV+,275,45,20,111,V,SUV,Summer,0,0,/img/tire-suv.webp,7th Circle|Bayader|Gardens|Wadi Saqra|Mahatta
Giti,GitiComfort SUV520,275,45,21,113,V,SUV,Summer,0,0,/img/tire-suv.webp,7th Circle|Gardens|Wadi Saqra|Mahatta|Bayader
Michelin,Primacy SUV+,275,45,21,113,V,SUV,All-season,0,0,/img/tire-suv.webp,7th Circle|Mahatta|Bayader|Gardens
Goodyear,EfficientGrip 2 SUV,275,45,21,113,V,SUV,Summer,0,0,/img/tire-suv.webp,7th Circle|Gardens|Wadi Saqra|Mahatta
Kumho,Crugen HP71,275,45,21,113,V,SUV,All-season,0,0,/img/tire-suv.webp,7th Circle|Mahatta
Falken,Ziex ZE001 A/S,275,45,21,113,V,SUV,Summer,0,0,/img/tire-suv.webp,7th Circle|Mahatta|Bayader
Hankook,Dynapro HP2,275,50,20,112,V,SUV,Summer,0,0,/img/tire-suv.webp,7th Circle|Mahatta
Nexen,Roadian GTX,275,50,20,112,V,SUV,All-season,0,0,/img/tire-suv.webp,7th Circle|Mahatta|Bayader|Gardens
Dunlop,Grandtrek PT3,275,50,20,112,V,SUV,Summer,0,0,/img/tire-suv.webp,7th Circle|Mahatta|Bayader|Gardens
Pirelli,Scorpion Verde,275,50,20,112,V,SUV,All-season,0,0,/img/tire-suv.webp,7th Circle|Gardens|Wadi Saqra|Mahatta
Bridgestone,Alenza 001,275,50,20,112,V,SUV,Summer,0,0,/img/tire-suv.webp,7th Circle|Mahatta
Sailun,Terramax CVR,275,50,22,117,V,SUV,Summer,0,0,/img/tire-suv.webp,7th Circle|Wadi Saqra|Mahatta|Bayader
Giti,GitiComfort SUV520,275,50,22,117,V,SUV,All-season,0,0,/img/tire-suv.webp,7th Circle|Mahatta|Bayader|Gardens|Wadi Saqra
Michelin,Primacy SUV+,275,50,22,117,V,SUV,Summer,0,0,/img/tire-suv.webp,7th Circle|Bayader|Gardens
Goodyear,EfficientGrip 2 SUV,275,50,22,117,V,SUV,All-season,0,0,/img/tire-suv.webp,7th Circle|Mahatta
Kumho,Crugen HP71,275,50,22,117,V,SUV,Summer,0,0,/img/tire-suv.webp,7th Circle|Gardens|Wadi Saqra
Kumho,Crugen HP71,275,55,20,112,V,SUV,Summer,0,0,/img/tire-suv.webp,7th Circle|Mahatta|Bayader|Gardens|Wadi Saqra
Falken,Ziex ZE001 A/S,275,55,20,112,V,SUV,All-season,0,0,/img/tire-suv.webp,7th Circle|Mahatta|Bayader
Linglong,Crosswind HP010,275,55,20,112,V,SUV,Summer,0,0,/img/tire-suv.webp,7th Circle|Mahatta|Bayader|Gardens|Wadi Saqra
Continental,CrossContact RX,275,55,20,112,V,SUV,All-season,0,0,/img/tire-suv.webp,7th Circle|Gardens|Wadi Saqra|Mahatta
Hankook,Dynapro HP2,275,55,20,112,V,SUV,Summer,0,0,/img/tire-suv.webp,7th Circle|Bayader|Gardens|Wadi Saqra|Mahatta
Linglong,Crosswind HP010,275,60,20,113,H,SUV,Summer,0,0,/img/tire-suv.webp,7th Circle|Bayader|Gardens
Continental,CrossContact RX,275,60,20,113,H,SUV,All-season,0,0,/img/tire-suv.webp,7th Circle|Mahatta|Bayader
Hankook,Dynapro HP2,275,60,20,113,H,SUV,Summer,0,0,/img/tire-suv.webp,7th Circle|Mahatta|Bayader|Gardens
Nexen,Roadian GTX,275,60,20,113,H,SUV,All-season,0,0,/img/tire-suv.webp,7th Circle|Mahatta
Dunlop,Grandtrek PT3,275,60,20,113,H,SUV,Summer,0,0,/img/tire-suv.webp,7th Circle|Mahatta|Bayader|Gardens|Wadi Saqra
Michelin,Primacy SUV+,275,65,18,110,H,SUV,Summer,0,0,/img/tire-suv.webp,7th Circle|Mahatta
Goodyear,EfficientGrip 2 SUV,275,65,18,110,H,SUV,All-season,0,0,/img/tire-suv.webp,7th Circle|Mahatta
Kumho,Crugen HP71,275,65,18,110,H,SUV,Summer,0,0,/img/tire-suv.webp,7th Circle|Mahatta|Bayader|Gardens
Falken,Ziex ZE001 A/S,275,65,18,110,H,SUV,All-season,0,0,/img/tire-suv.webp,7th Circle|Mahatta|Bayader|Gardens|Wadi Saqra
Linglong,Crosswind HP010,275,65,18,110,H,SUV,Summer,0,0,/img/tire-suv.webp,7th Circle|Mahatta|Bayader|Gardens
Linglong,Crosswind HP010,285,40,22,117,V,SUV,Summer,0,0,/img/tire-suv.webp,7th Circle|Mahatta
Continental,CrossContact RX,285,40,22,117,V,SUV,All-season,0,0,/img/tire-suv.webp,7th Circle|Wadi Saqra|Mahatta|Bayader|Gardens
Hankook,Dynapro HP2,285,40,22,117,V,SUV,Summer,0,0,/img/tire-suv.webp,7th Circle|Mahatta|Bayader|Gardens
Nexen,Roadian GTX,285,40,22,117,V,SUV,All-season,0,0,/img/tire-suv.webp,7th Circle|Gardens
Dunlop,Grandtrek PT3,285,40,22,117,V,SUV,Summer,0,0,/img/tire-suv.webp,7th Circle|Mahatta|Bayader
Continental,CrossContact RX,285,45,21,114,V,SUV,Summer,0,0,/img/tire-suv.webp,7th Circle|Gardens|Wadi Saqra|Mahatta|Bayader
Hankook,Dynapro HP2,285,45,21,114,V,SUV,All-season,0,0,/img/tire-suv.webp,7th Circle|Mahatta
Nexen,Roadian GTX,285,45,21,114,V,SUV,Summer,0,0,/img/tire-suv.webp,7th Circle|Gardens
Dunlop,Grandtrek PT3,285,45,21,114,V,SUV,All-season,0,0,/img/tire-suv.webp,7th Circle|Bayader|Gardens
Pirelli,Scorpion Verde,285,45,21,114,V,SUV,Summer,0,0,/img/tire-suv.webp,7th Circle|Wadi Saqra|Mahatta
Kumho,Crugen HP71,285,45,22,117,V,SUV,Summer,0,0,/img/tire-suv.webp,7th Circle|Gardens|Wadi Saqra
Falken,Ziex ZE001 A/S,285,45,22,117,V,SUV,All-season,0,0,/img/tire-suv.webp,7th Circle|Gardens|Wadi Saqra|Mahatta|Bayader
Linglong,Crosswind HP010,285,45,22,117,V,SUV,Summer,0,0,/img/tire-suv.webp,7th Circle|Gardens|Wadi Saqra
Continental,CrossContact RX,285,45,22,117,V,SUV,All-season,0,0,/img/tire-suv.webp,7th Circle|Gardens|Wadi Saqra|Mahatta|Bayader
Hankook,Dynapro HP2,285,45,22,117,V,SUV,Summer,0,0,/img/tire-suv.webp,7th Circle|Wadi Saqra
Toyo,Proxes CL1 SUV,285,50,20,113,V,SUV,Summer,0,0,/img/tire-suv.webp,7th Circle|Wadi Saqra|Mahatta|Bayader
Sailun,Terramax CVR,285,50,20,113,V,SUV,All-season,0,0,/img/tire-suv.webp,7th Circle|Bayader|Gardens|Wadi Saqra|Mahatta
Giti,GitiComfort SUV520,285,50,20,113,V,SUV,Summer,0,0,/img/tire-suv.webp,7th Circle|Gardens
Michelin,Primacy SUV+,285,50,20,113,V,SUV,All-season,0,0,/img/tire-suv.webp,7th Circle|Wadi Saqra|Mahatta
Goodyear,EfficientGrip 2 SUV,285,50,20,113,V,SUV,Summer,0,0,/img/tire-suv.webp,7th Circle|Mahatta|Bayader
Michelin,Primacy SUV+,285,60,18,111,H,SUV,Summer,0,0,/img/tire-suv.webp,7th Circle|Mahatta|Bayader|Gardens|Wadi Saqra
Goodyear,EfficientGrip 2 SUV,285,60,18,111,H,SUV,All-season,0,0,/img/tire-suv.webp,7th Circle|Mahatta|Bayader|Gardens
Kumho,Crugen HP71,285,60,18,111,H,SUV,Summer,0,0,/img/tire-suv.webp,7th Circle|Gardens|Wadi Saqra|Mahatta|Bayader
Falken,Ziex ZE001 A/S,285,60,18,111,H,SUV,All-season,0,0,/img/tire-suv.webp,7th Circle|Wadi Saqra
Linglong,Crosswind HP010,285,60,18,111,H,SUV,Summer,0,0,/img/tire-suv.webp,7th Circle|Mahatta|Bayader
Kumho,Crugen HP71,295,40,21,115,V,SUV,Summer,0,0,/img/tire-suv.webp,7th Circle|Mahatta|Bayader
Falken,Ziex ZE001 A/S,295,40,21,115,V,SUV,All-season,0,0,/img/tire-suv.webp,7th Circle|Gardens|Wadi Saqra|Mahatta
Linglong,Crosswind HP010,295,40,21,115,V,SUV,Summer,0,0,/img/tire-suv.webp,7th Circle|Mahatta|Bayader|Gardens
Continental,CrossContact RX,295,40,21,115,V,SUV,All-season,0,0,/img/tire-suv.webp,7th Circle|Gardens|Wadi Saqra|Mahatta|Bayader
Hankook,Dynapro HP2,295,40,21,115,V,SUV,Summer,0,0,/img/tire-suv.webp,7th Circle|Wadi Saqra|Mahatta|Bayader
Goodyear,EfficientGrip 2 SUV,315,35,21,116,V,SUV,Summer,0,0,/img/tire-suv.webp,7th Circle|Gardens|Wadi Saqra
Kumho,Crugen HP71,315,35,21,116,V,SUV,All-season,0,0,/img/tire-suv.webp,7th Circle|Gardens|Wadi Saqra|Mahatta|Bayader
Falken,Ziex ZE001 A/S,315,35,21,116,V,SUV,Summer,0,0,/img/tire-suv.webp,7th Circle|Wadi Saqra
Linglong,Crosswind HP010,315,35,21,116,V,SUV,All-season,0,0,/img/tire-suv.webp,7th Circle|Mahatta|Bayader|Gardens
Continental,CrossContact RX,315,35,21,116,V,SUV,Summer,0,0,/img/tire-suv.webp,7th Circle|Gardens|Wadi Saqra
Bridgestone,Alenza 001,285,40,23,119,V,SUV,Summer,0,0,/img/tire-suv.webp,7th Circle|Wadi Saqra|Mahatta|Bayader
Toyo,Proxes CL1 SUV,285,40,23,119,V,SUV,All-season,0,0,/img/tire-suv.webp,7th Circle|Mahatta|Bayader
Sailun,Terramax CVR,285,40,23,119,V,SUV,Summer,0,0,/img/tire-suv.webp,7th Circle|Bayader|Gardens|Wadi Saqra|Mahatta
Giti,GitiComfort SUV520,285,40,23,119,V,SUV,All-season,0,0,/img/tire-suv.webp,7th Circle|Mahatta|Bayader|Gardens
Michelin,Primacy SUV+,285,40,23,119,V,SUV,Summer,0,0,/img/tire-suv.webp,7th Circle|Wadi Saqra|Mahatta|Bayader|Gardens
Hankook,Dynapro MT2,265,70,18,121/118,Q,4x4,Mud-terrain,0,0,/img/tire-4x4.webp,7th Circle|Mahatta
Maxxis,Razr MT772,265,70,18,121/118,Q,4x4,Mud-terrain,0,0,/img/tire-4x4.webp,7th Circle|Bayader|Gardens|Wadi Saqra|Mahatta
Goodyear,Wrangler DuraTrac,265,70,18,121/118,Q,4x4,Mud-terrain,0,0,/img/tire-4x4.webp,7th Circle|Gardens|Wadi Saqra|Mahatta|Bayader
BFGoodrich,Mud-Terrain T/A KM3,265,70,18,121/118,Q,4x4,Mud-terrain,0,0,/img/tire-4x4.webp,7th Circle|Wadi Saqra|Mahatta|Bayader|Gardens
Falken,Wildpeak A/T3W,265,70,18,121/118,S,4x4,All-terrain,0,0,/img/tire-4x4.webp,7th Circle|Mahatta|Bayader|Gardens|Wadi Saqra
Hankook,Dynapro MT2,275,60,20,121/118,Q,4x4,Mud-terrain,0,0,/img/tire-4x4.webp,7th Circle|Gardens
Maxxis,Razr MT772,275,60,20,121/118,Q,4x4,Mud-terrain,0,0,/img/tire-4x4.webp,7th Circle|Mahatta|Bayader
Goodyear,Wrangler DuraTrac,275,60,20,121/118,Q,4x4,Mud-terrain,0,0,/img/tire-4x4.webp,7th Circle|Gardens
BFGoodrich,Mud-Terrain T/A KM3,275,60,20,121/118,Q,4x4,Mud-terrain,0,0,/img/tire-4x4.webp,7th Circle|Gardens|Wadi Saqra
Falken,Wildpeak A/T3W,275,60,20,121/118,S,4x4,All-terrain,0,0,/img/tire-4x4.webp,7th Circle|Bayader
Bridgestone,Dueler A/T 002,255,70,18,116/113,S,4x4,All-terrain,0,0,/img/tire-4x4.webp,7th Circle|Bayader|Gardens|Wadi Saqra|Mahatta
BFGoodrich,All-Terrain T/A KO2,255,70,18,116/113,S,4x4,All-terrain,0,0,/img/tire-4x4.webp,7th Circle|Mahatta|Bayader|Gardens|Wadi Saqra
Toyo,Open Country M/T,255,70,18,116/113,Q,4x4,Mud-terrain,0,0,/img/tire-4x4.webp,7th Circle|Mahatta|Bayader
Hankook,Dynapro MT2,255,70,18,116/113,Q,4x4,Mud-terrain,0,0,/img/tire-4x4.webp,7th Circle|Mahatta|Bayader
Maxxis,Razr MT772,255,70,18,116/113,Q,4x4,Mud-terrain,0,0,/img/tire-4x4.webp,7th Circle|Gardens|Wadi Saqra|Mahatta|Bayader
Toyo,Open Country M/T,245,65,17,116/113,Q,4x4,Mud-terrain,0,0,/img/tire-4x4.webp,7th Circle|Mahatta|Bayader|Gardens|Wadi Saqra
Hankook,Dynapro MT2,245,65,17,116/113,Q,4x4,Mud-terrain,0,0,/img/tire-4x4.webp,7th Circle|Wadi Saqra|Mahatta|Bayader
Maxxis,Razr MT772,245,65,17,116/113,Q,4x4,Mud-terrain,0,0,/img/tire-4x4.webp,7th Circle|Wadi Saqra|Mahatta|Bayader
Goodyear,Wrangler DuraTrac,245,65,17,116/113,Q,4x4,Mud-terrain,0,0,/img/tire-4x4.webp,7th Circle|Wadi Saqra|Mahatta|Bayader|Gardens
BFGoodrich,Mud-Terrain T/A KM3,245,65,17,116/113,Q,4x4,Mud-terrain,0,0,/img/tire-4x4.webp,7th Circle|Wadi Saqra|Mahatta|Bayader
Bridgestone,Dueler A/T 002,255,60,18,116/113,S,4x4,All-terrain,0,0,/img/tire-4x4.webp,7th Circle|Bayader|Gardens|Wadi Saqra
BFGoodrich,All-Terrain T/A KO2,255,60,18,116/113,S,4x4,All-terrain,0,0,/img/tire-4x4.webp,7th Circle|Mahatta|Bayader|Gardens|Wadi Saqra
Toyo,Open Country M/T,255,60,18,116/113,Q,4x4,Mud-terrain,0,0,/img/tire-4x4.webp,7th Circle|Mahatta
Hankook,Dynapro MT2,255,60,18,116/113,Q,4x4,Mud-terrain,0,0,/img/tire-4x4.webp,7th Circle|Bayader|Gardens|Wadi Saqra|Mahatta
Maxxis,Razr MT772,255,60,18,116/113,Q,4x4,Mud-terrain,0,0,/img/tire-4x4.webp,7th Circle|Gardens|Wadi Saqra|Mahatta|Bayader
Kumho,Road Venture AT52,225,75,16,116/113,S,4x4,All-terrain,0,0,/img/tire-4x4.webp,7th Circle|Mahatta
Toyo,Open Country A/T III,225,75,16,116/113,S,4x4,All-terrain,0,0,/img/tire-4x4.webp,7th Circle|Mahatta|Bayader|Gardens|Wadi Saqra
Hankook,Dynapro AT2,225,75,16,116/113,S,4x4,All-terrain,0,0,/img/tire-4x4.webp,7th Circle|Bayader|Gardens|Wadi Saqra
Maxxis,Razr AT811,225,75,16,116/113,S,4x4,All-terrain,0,0,/img/tire-4x4.webp,7th Circle|Gardens
Bridgestone,Dueler A/T 002,225,75,16,116/113,S,4x4,All-terrain,0,0,/img/tire-4x4.webp,7th Circle|Wadi Saqra|Mahatta|Bayader
BFGoodrich,All-Terrain T/A KO2,235,85,16,116/113,S,4x4,All-terrain,0,0,/img/tire-4x4.webp,7th Circle|Wadi Saqra|Mahatta|Bayader|Gardens
Toyo,Open Country M/T,235,85,16,116/113,Q,4x4,Mud-terrain,0,0,/img/tire-4x4.webp,7th Circle|Bayader|Gardens|Wadi Saqra|Mahatta
Hankook,Dynapro MT2,235,85,16,116/113,Q,4x4,Mud-terrain,0,0,/img/tire-4x4.webp,7th Circle|Mahatta
Maxxis,Razr MT772,235,85,16,116/113,Q,4x4,Mud-terrain,0,0,/img/tire-4x4.webp,7th Circle|Wadi Saqra|Mahatta
Goodyear,Wrangler DuraTrac,235,85,16,116/113,Q,4x4,Mud-terrain,0,0,/img/tire-4x4.webp,7th Circle|Mahatta|Bayader
Kumho,Road Venture AT52,245,70,16,116/113,S,4x4,All-terrain,0,0,/img/tire-4x4.webp,7th Circle|Mahatta|Bayader|Gardens|Wadi Saqra
Toyo,Open Country A/T III,245,70,16,116/113,S,4x4,All-terrain,0,0,/img/tire-4x4.webp,7th Circle|Mahatta|Bayader|Gardens|Wadi Saqra
Hankook,Dynapro AT2,245,70,16,116/113,S,4x4,All-terrain,0,0,/img/tire-4x4.webp,7th Circle|Bayader|Gardens
Maxxis,Razr AT811,245,70,16,116/113,S,4x4,All-terrain,0,0,/img/tire-4x4.webp,7th Circle|Wadi Saqra|Mahatta
Bridgestone,Dueler A/T 002,245,70,16,116/113,S,4x4,All-terrain,0,0,/img/tire-4x4.webp,7th Circle|Bayader|Gardens|Wadi Saqra
Hankook,Dynapro MT2,245,75,16,116/113,Q,4x4,Mud-terrain,0,0,/img/tire-4x4.webp,7th Circle|Bayader
Maxxis,Razr MT772,245,75,16,116/113,Q,4x4,Mud-terrain,0,0,/img/tire-4x4.webp,7th Circle|Gardens|Wadi Saqra|Mahatta|Bayader
Goodyear,Wrangler DuraTrac,245,75,16,116/113,Q,4x4,Mud-terrain,0,0,/img/tire-4x4.webp,7th Circle|Wadi Saqra|Mahatta|Bayader
BFGoodrich,Mud-Terrain T/A KM3,245,75,16,116/113,Q,4x4,Mud-terrain,0,0,/img/tire-4x4.webp,7th Circle|Mahatta|Bayader
Falken,Wildpeak A/T3W,245,75,16,116/113,S,4x4,All-terrain,0,0,/img/tire-4x4.webp,7th Circle|Mahatta|Bayader|Gardens
Maxxis,Razr AT811,255,70,16,116/113,S,4x4,All-terrain,0,0,/img/tire-4x4.webp,7th Circle|Mahatta|Bayader
Bridgestone,Dueler A/T 002,255,70,16,116/113,S,4x4,All-terrain,0,0,/img/tire-4x4.webp,7th Circle|Bayader|Gardens|Wadi Saqra|Mahatta
BFGoodrich,All-Terrain T/A KO2,255,70,16,116/113,S,4x4,All-terrain,0,0,/img/tire-4x4.webp,7th Circle|Gardens|Wadi Saqra|Mahatta|Bayader
Toyo,Open Country M/T,255,70,16,116/113,Q,4x4,Mud-terrain,0,0,/img/tire-4x4.webp,7th Circle|Wadi Saqra|Mahatta|Bayader|Gardens
Hankook,Dynapro MT2,255,70,16,116/113,Q,4x4,Mud-terrain,0,0,/img/tire-4x4.webp,7th Circle|Wadi Saqra|Mahatta|Bayader|Gardens
Falken,Wildpeak A/T3W,265,70,16,121/118,S,4x4,All-terrain,0,0,/img/tire-4x4.webp,7th Circle|Mahatta|Bayader
Kumho,Road Venture AT52,265,70,16,121/118,S,4x4,All-terrain,0,0,/img/tire-4x4.webp,7th Circle|Gardens
Toyo,Open Country A/T III,265,70,16,121/118,S,4x4,All-terrain,0,0,/img/tire-4x4.webp,7th Circle|Wadi Saqra|Mahatta
Hankook,Dynapro AT2,265,70,16,121/118,S,4x4,All-terrain,0,0,/img/tire-4x4.webp,7th Circle|Bayader|Gardens|Wadi Saqra
Maxxis,Razr AT811,265,70,16,121/118,S,4x4,All-terrain,0,0,/img/tire-4x4.webp,7th Circle|Gardens|Wadi Saqra|Mahatta
BFGoodrich,Mud-Terrain T/A KM3,265,75,16,121/118,Q,4x4,Mud-terrain,0,0,/img/tire-4x4.webp,7th Circle|Bayader
Falken,Wildpeak A/T3W,265,75,16,121/118,S,4x4,All-terrain,0,0,/img/tire-4x4.webp,7th Circle|Bayader|Gardens|Wadi Saqra
Kumho,Road Venture AT52,265,75,16,121/118,S,4x4,All-terrain,0,0,/img/tire-4x4.webp,7th Circle|Bayader|Gardens|Wadi Saqra|Mahatta
Toyo,Open Country A/T III,265,75,16,121/118,S,4x4,All-terrain,0,0,/img/tire-4x4.webp,7th Circle|Gardens|Wadi Saqra|Mahatta|Bayader
Hankook,Dynapro AT2,265,75,16,121/118,S,4x4,All-terrain,0,0,/img/tire-4x4.webp,7th Circle|Mahatta
Toyo,Open Country M/T,285,75,16,121/118,Q,4x4,Mud-terrain,0,0,/img/tire-4x4.webp,7th Circle|Gardens|Wadi Saqra
Hankook,Dynapro MT2,285,75,16,121/118,Q,4x4,Mud-terrain,0,0,/img/tire-4x4.webp,7th Circle|Wadi Saqra|Mahatta|Bayader
Maxxis,Razr MT772,285,75,16,121/118,Q,4x4,Mud-terrain,0,0,/img/tire-4x4.webp,7th Circle|Wadi Saqra
Goodyear,Wrangler DuraTrac,285,75,16,121/118,Q,4x4,Mud-terrain,0,0,/img/tire-4x4.webp,7th Circle|Gardens|Wadi Saqra|Mahatta
BFGoodrich,Mud-Terrain T/A KM3,285,75,16,121/118,Q,4x4,Mud-terrain,0,0,/img/tire-4x4.webp,7th Circle|Mahatta|Bayader|Gardens
Maxxis,Razr AT811,255,65,17,116/113,S,4x4,All-terrain,0,0,/img/tire-4x4.webp,7th Circle|Wadi Saqra
Bridgestone,Dueler A/T 002,255,65,17,116/113,S,4x4,All-terrain,0,0,/img/tire-4x4.webp,7th Circle|Wadi Saqra|Mahatta
BFGoodrich,All-Terrain T/A KO2,255,65,17,116/113,S,4x4,All-terrain,0,0,/img/tire-4x4.webp,7th Circle|Mahatta|Bayader|Gardens|Wadi Saqra
Toyo,Open Country M/T,255,65,17,116/113,Q,4x4,Mud-terrain,0,0,/img/tire-4x4.webp,7th Circle|Bayader|Gardens|Wadi Saqra
Hankook,Dynapro MT2,255,65,17,116/113,Q,4x4,Mud-terrain,0,0,/img/tire-4x4.webp,7th Circle|Wadi Saqra|Mahatta|Bayader|Gardens
Falken,Wildpeak A/T3W,265,65,17,121/118,S,4x4,All-terrain,0,0,/img/tire-4x4.webp,7th Circle|Wadi Saqra
Kumho,Road Venture AT52,265,65,17,121/118,S,4x4,All-terrain,0,0,/img/tire-4x4.webp,7th Circle|Wadi Saqra|Mahatta|Bayader
Toyo,Open Country A/T III,265,65,17,121/118,S,4x4,All-terrain,0,0,/img/tire-4x4.webp,7th Circle|Wadi Saqra|Mahatta|Bayader
Hankook,Dynapro AT2,265,65,17,121/118,S,4x4,All-terrain,0,0,/img/tire-4x4.webp,7th Circle|Wadi Saqra
Maxxis,Razr AT811,265,65,17,121/118,S,4x4,All-terrain,0,0,/img/tire-4x4.webp,7th Circle|Mahatta|Bayader
Toyo,Open Country M/T,265,70,17,121/118,Q,4x4,Mud-terrain,0,0,/img/tire-4x4.webp,7th Circle|Gardens
Hankook,Dynapro MT2,265,70,17,121/118,Q,4x4,Mud-terrain,0,0,/img/tire-4x4.webp,7th Circle|Mahatta|Bayader|Gardens|Wadi Saqra
Maxxis,Razr MT772,265,70,17,121/118,Q,4x4,Mud-terrain,0,0,/img/tire-4x4.webp,7th Circle|Wadi Saqra|Mahatta
Goodyear,Wrangler DuraTrac,265,70,17,121/118,Q,4x4,Mud-terrain,0,0,/img/tire-4x4.webp,7th Circle|Wadi Saqra|Mahatta|Bayader|Gardens
BFGoodrich,Mud-Terrain T/A KM3,265,70,17,121/118,Q,4x4,Mud-terrain,0,0,/img/tire-4x4.webp,7th Circle|Wadi Saqra|Mahatta|Bayader|Gardens
BFGoodrich,Mud-Terrain T/A KM3,285,70,17,121/118,Q,4x4,Mud-terrain,0,0,/img/tire-4x4.webp,7th Circle|Mahatta|Bayader
Falken,Wildpeak A/T3W,285,70,17,121/118,S,4x4,All-terrain,0,0,/img/tire-4x4.webp,7th Circle|Gardens|Wadi Saqra|Mahatta|Bayader
Kumho,Road Venture AT52,285,70,17,121/118,S,4x4,All-terrain,0,0,/img/tire-4x4.webp,7th Circle|Bayader|Gardens|Wadi Saqra
Toyo,Open Country A/T III,285,70,17,121/118,S,4x4,All-terrain,0,0,/img/tire-4x4.webp,7th Circle|Gardens|Wadi Saqra
Hankook,Dynapro AT2,285,70,17,121/118,S,4x4,All-terrain,0,0,/img/tire-4x4.webp,7th Circle|Wadi Saqra|Mahatta|Bayader
Hankook,Dynapro AT2,315,70,17,121/118,S,4x4,All-terrain,0,0,/img/tire-4x4.webp,7th Circle|Mahatta|Bayader|Gardens
Maxxis,Razr AT811,315,70,17,121/118,S,4x4,All-terrain,0,0,/img/tire-4x4.webp,7th Circle|Bayader|Gardens|Wadi Saqra|Mahatta
Bridgestone,Dueler A/T 002,315,70,17,121/118,S,4x4,All-terrain,0,0,/img/tire-4x4.webp,7th Circle|Mahatta
BFGoodrich,All-Terrain T/A KO2,315,70,17,121/118,S,4x4,All-terrain,0,0,/img/tire-4x4.webp,7th Circle|Bayader
Toyo,Open Country M/T,315,70,17,121/118,Q,4x4,Mud-terrain,0,0,/img/tire-4x4.webp,7th Circle|Mahatta
Bridgestone,Dueler A/T 002,265,60,18,121/118,S,4x4,All-terrain,0,0,/img/tire-4x4.webp,7th Circle|Bayader|Gardens|Wadi Saqra
BFGoodrich,All-Terrain T/A KO2,265,60,18,121/118,S,4x4,All-terrain,0,0,/img/tire-4x4.webp,7th Circle|Bayader|Gardens|Wadi Saqra
Toyo,Open Country M/T,265,60,18,121/118,Q,4x4,Mud-terrain,0,0,/img/tire-4x4.webp,7th Circle|Mahatta|Bayader|Gardens
Hankook,Dynapro MT2,265,60,18,121/118,Q,4x4,Mud-terrain,0,0,/img/tire-4x4.webp,7th Circle|Gardens
Maxxis,Razr MT772,265,60,18,121/118,Q,4x4,Mud-terrain,0,0,/img/tire-4x4.webp,7th Circle|Gardens|Wadi Saqra
Goodyear,Wrangler DuraTrac,265,65,18,121/118,Q,4x4,Mud-terrain,0,0,/img/tire-4x4.webp,7th Circle|Mahatta|Bayader|Gardens|Wadi Saqra
BFGoodrich,Mud-Terrain T/A KM3,265,65,18,121/118,Q,4x4,Mud-terrain,0,0,/img/tire-4x4.webp,7th Circle|Gardens|Wadi Saqra|Mahatta
Falken,Wildpeak A/T3W,265,65,18,121/118,S,4x4,All-terrain,0,0,/img/tire-4x4.webp,7th Circle|Mahatta
Kumho,Road Venture AT52,265,65,18,121/118,S,4x4,All-terrain,0,0,/img/tire-4x4.webp,7th Circle|Gardens|Wadi Saqra|Mahatta|Bayader
Toyo,Open Country A/T III,265,65,18,121/118,S,4x4,All-terrain,0,0,/img/tire-4x4.webp,7th Circle|Mahatta|Bayader|Gardens|Wadi Saqra
Hankook,Dynapro AT2,275,65,18,121/118,S,4x4,All-terrain,0,0,/img/tire-4x4.webp,7th Circle|Bayader|Gardens|Wadi Saqra
Maxxis,Razr AT811,275,65,18,121/118,S,4x4,All-terrain,0,0,/img/tire-4x4.webp,7th Circle|Mahatta|Bayader|Gardens
Bridgestone,Dueler A/T 002,275,65,18,121/118,S,4x4,All-terrain,0,0,/img/tire-4x4.webp,7th Circle|Bayader|Gardens|Wadi Saqra|Mahatta
BFGoodrich,All-Terrain T/A KO2,275,65,18,121/118,S,4x4,All-terrain,0,0,/img/tire-4x4.webp,7th Circle|Gardens
Toyo,Open Country M/T,275,65,18,121/118,Q,4x4,Mud-terrain,0,0,/img/tire-4x4.webp,7th Circle|Mahatta|Bayader|Gardens
Kumho,Road Venture AT52,275,70,18,121/118,S,4x4,All-terrain,0,0,/img/tire-4x4.webp,7th Circle|Gardens|Wadi Saqra
Toyo,Open Country A/T III,275,70,18,121/118,S,4x4,All-terrain,0,0,/img/tire-4x4.webp,7th Circle|Wadi Saqra|Mahatta|Bayader|Gardens
Hankook,Dynapro AT2,275,70,18,121/118,S,4x4,All-terrain,0,0,/img/tire-4x4.webp,7th Circle|Bayader|Gardens|Wadi Saqra|Mahatta
Maxxis,Razr AT811,275,70,18,121/118,S,4x4,All-terrain,0,0,/img/tire-4x4.webp,7th Circle|Mahatta|Bayader
Bridgestone,Dueler A/T 002,275,70,18,121/118,S,4x4,All-terrain,0,0,/img/tire-4x4.webp,7th Circle|Wadi Saqra|Mahatta
Hankook,Dynapro MT2,285,65,18,121/118,Q,4x4,Mud-terrain,0,0,/img/tire-4x4.webp,7th Circle|Mahatta
Maxxis,Razr MT772,285,65,18,121/118,Q,4x4,Mud-terrain,0,0,/img/tire-4x4.webp,7th Circle|Gardens
Goodyear,Wrangler DuraTrac,285,65,18,121/118,Q,4x4,Mud-terrain,0,0,/img/tire-4x4.webp,7th Circle|Mahatta
BFGoodrich,Mud-Terrain T/A KM3,285,65,18,121/118,Q,4x4,Mud-terrain,0,0,/img/tire-4x4.webp,7th Circle|Bayader|Gardens
Falken,Wildpeak A/T3W,285,65,18,121/118,S,4x4,All-terrain,0,0,/img/tire-4x4.webp,7th Circle|Mahatta|Bayader|Gardens
Maxxis,Razr AT811,285,60,18,121/118,S,4x4,All-terrain,0,0,/img/tire-4x4.webp,7th Circle|Wadi Saqra|Mahatta|Bayader|Gardens
Bridgestone,Dueler A/T 002,285,60,18,121/118,S,4x4,All-terrain,0,0,/img/tire-4x4.webp,7th Circle|Mahatta|Bayader|Gardens|Wadi Saqra
BFGoodrich,All-Terrain T/A KO2,285,60,18,121/118,S,4x4,All-terrain,0,0,/img/tire-4x4.webp,7th Circle|Wadi Saqra
Toyo,Open Country M/T,285,60,18,121/118,Q,4x4,Mud-terrain,0,0,/img/tire-4x4.webp,7th Circle|Bayader|Gardens|Wadi Saqra|Mahatta
Hankook,Dynapro MT2,285,60,18,121/118,Q,4x4,Mud-terrain,0,0,/img/tire-4x4.webp,7th Circle|Wadi Saqra|Mahatta
Kumho,Road Venture AT52,275,55,20,121/118,S,4x4,All-terrain,0,0,/img/tire-4x4.webp,7th Circle|Mahatta|Bayader|Gardens|Wadi Saqra
Toyo,Open Country A/T III,275,55,20,121/118,S,4x4,All-terrain,0,0,/img/tire-4x4.webp,7th Circle|Bayader
Hankook,Dynapro AT2,275,55,20,121/118,S,4x4,All-terrain,0,0,/img/tire-4x4.webp,7th Circle|Wadi Saqra|Mahatta
Maxxis,Razr AT811,275,55,20,121/118,S,4x4,All-terrain,0,0,/img/tire-4x4.webp,7th Circle|Wadi Saqra|Mahatta
Bridgestone,Dueler A/T 002,275,55,20,121/118,S,4x4,All-terrain,0,0,/img/tire-4x4.webp,7th Circle|Gardens|Wadi Saqra|Mahatta
Kumho,Road Venture AT52,285,55,20,121/118,S,4x4,All-terrain,0,0,/img/tire-4x4.webp,7th Circle|Mahatta|Bayader|Gardens
Toyo,Open Country A/T III,285,55,20,121/118,S,4x4,All-terrain,0,0,/img/tire-4x4.webp,7th Circle|Bayader|Gardens|Wadi Saqra
Hankook,Dynapro AT2,285,55,20,121/118,S,4x4,All-terrain,0,0,/img/tire-4x4.webp,7th Circle|Bayader
Maxxis,Razr AT811,285,55,20,121/118,S,4x4,All-terrain,0,0,/img/tire-4x4.webp,7th Circle|Bayader|Gardens|Wadi Saqra|Mahatta
Bridgestone,Dueler A/T 002,285,55,20,121/118,S,4x4,All-terrain,0,0,/img/tire-4x4.webp,7th Circle|Wadi Saqra|Mahatta|Bayader
Maxxis,Razr AT811,285,60,20,121/118,S,4x4,All-terrain,0,0,/img/tire-4x4.webp,7th Circle|Bayader|Gardens|Wadi Saqra|Mahatta
Bridgestone,Dueler A/T 002,285,60,20,121/118,S,4x4,All-terrain,0,0,/img/tire-4x4.webp,7th Circle|Wadi Saqra|Mahatta|Bayader
BFGoodrich,All-Terrain T/A KO2,285,60,20,121/118,S,4x4,All-terrain,0,0,/img/tire-4x4.webp,7th Circle|Wadi Saqra|Mahatta
Toyo,Open Country M/T,285,60,20,121/118,Q,4x4,Mud-terrain,0,0,/img/tire-4x4.webp,7th Circle|Bayader
Hankook,Dynapro MT2,285,60,20,121/118,Q,4x4,Mud-terrain,0,0,/img/tire-4x4.webp,7th Circle|Bayader|Gardens|Wadi Saqra|Mahatta
Toyo,Open Country M/T,305,55,20,121/118,Q,4x4,Mud-terrain,0,0,/img/tire-4x4.webp,7th Circle|Mahatta|Bayader|Gardens|Wadi Saqra
Hankook,Dynapro MT2,305,55,20,121/118,Q,4x4,Mud-terrain,0,0,/img/tire-4x4.webp,7th Circle|Wadi Saqra|Mahatta
Maxxis,Razr MT772,305,55,20,121/118,Q,4x4,Mud-terrain,0,0,/img/tire-4x4.webp,7th Circle|Bayader|Gardens
Goodyear,Wrangler DuraTrac,305,55,20,121/118,Q,4x4,Mud-terrain,0,0,/img/tire-4x4.webp,7th Circle|Mahatta
BFGoodrich,Mud-Terrain T/A KM3,305,55,20,121/118,Q,4x4,Mud-terrain,0,0,/img/tire-4x4.webp,7th Circle|Mahatta
Dunlop,Econodrive LT,185,75,16,112/110,R,Van,All-season,0,0,/img/tire-van.webp,7th Circle|Mahatta|Bayader
Continental,VanContact Eco,185,75,16,112/110,R,Van,All-season,0,0,/img/tire-van.webp,7th Circle|Mahatta
Hankook,Vantra LT RA18,185,75,16,112/110,R,Van,All-season,0,0,/img/tire-van.webp,7th Circle|Gardens
Sailun,Commercio Pro,185,75,16,112/110,R,Van,All-season,0,0,/img/tire-van.webp,7th Circle|Mahatta|Bayader|Gardens
Kumho,PorTran KC53,195,70,15,109/107,R,Van,All-season,0,0,/img/tire-van.webp,7th Circle|Mahatta
Michelin,Agilis 3,195,70,15,109/107,R,Van,All-season,0,0,/img/tire-van.webp,7th Circle|Mahatta|Bayader|Gardens|Wadi Saqra
Goodyear,EfficientGrip Cargo 2,195,70,15,109/107,R,Van,All-season,0,0,/img/tire-van.webp,7th Circle|Mahatta|Bayader|Gardens|Wadi Saqra
Dunlop,Econodrive LT,195,70,15,109/107,R,Van,All-season,0,0,/img/tire-van.webp,7th Circle|Bayader|Gardens|Wadi Saqra
Michelin,Agilis 3,195,75,16,112/110,R,Van,All-season,0,0,/img/tire-van.webp,7th Circle|Mahatta|Bayader|Gardens
Goodyear,EfficientGrip Cargo 2,195,75,16,112/110,R,Van,All-season,0,0,/img/tire-van.webp,7th Circle|Gardens|Wadi Saqra|Mahatta
Dunlop,Econodrive LT,195,75,16,112/110,R,Van,All-season,0,0,/img/tire-van.webp,7th Circle|Mahatta|Bayader
Continental,VanContact Eco,195,75,16,112/110,R,Van,All-season,0,0,/img/tire-van.webp,7th Circle|Mahatta|Bayader|Gardens
Kumho,PorTran KC53,205,65,16,112/110,R,Van,All-season,0,0,/img/tire-van.webp,7th Circle|Gardens|Wadi Saqra|Mahatta
Michelin,Agilis 3,205,65,16,112/110,R,Van,All-season,0,0,/img/tire-van.webp,7th Circle|Wadi Saqra|Mahatta|Bayader|Gardens
Goodyear,EfficientGrip Cargo 2,205,65,16,112/110,R,Van,All-season,0,0,/img/tire-van.webp,7th Circle|Bayader|Gardens|Wadi Saqra
Dunlop,Econodrive LT,205,65,16,112/110,R,Van,All-season,0,0,/img/tire-van.webp,7th Circle|Mahatta|Bayader|Gardens
Kumho,PorTran KC53,205,75,16,112/110,R,Van,All-season,0,0,/img/tire-van.webp,7th Circle|Bayader|Gardens
Michelin,Agilis 3,205,75,16,112/110,R,Van,All-season,0,0,/img/tire-van.webp,7th Circle|Mahatta|Bayader
Goodyear,EfficientGrip Cargo 2,205,75,16,112/110,R,Van,All-season,0,0,/img/tire-van.webp,7th Circle|Wadi Saqra|Mahatta
Dunlop,Econodrive LT,205,75,16,112/110,R,Van,All-season,0,0,/img/tire-van.webp,7th Circle|Mahatta|Bayader|Gardens
Bridgestone,Duravis R660,215,65,16,112/110,R,Van,All-season,0,0,/img/tire-van.webp,7th Circle|Gardens|Wadi Saqra
Kumho,PorTran KC53,215,65,16,112/110,R,Van,All-season,0,0,/img/tire-van.webp,7th Circle|Mahatta|Bayader|Gardens
Michelin,Agilis 3,215,65,16,112/110,R,Van,All-season,0,0,/img/tire-van.webp,7th Circle|Wadi Saqra|Mahatta
Goodyear,EfficientGrip Cargo 2,215,65,16,112/110,R,Van,All-season,0,0,/img/tire-van.webp,7th Circle|Bayader|Gardens
Goodyear,EfficientGrip Cargo 2,215,70,15,109/107,R,Van,All-season,0,0,/img/tire-van.webp,7th Circle|Wadi Saqra|Mahatta|Bayader
Dunlop,Econodrive LT,215,70,15,109/107,R,Van,All-season,0,0,/img/tire-van.webp,7th Circle|Mahatta|Bayader|Gardens|Wadi Saqra
Continental,VanContact Eco,215,70,15,109/107,R,Van,All-season,0,0,/img/tire-van.webp,7th Circle|Mahatta|Bayader|Gardens|Wadi Saqra
Hankook,Vantra LT RA18,215,70,15,109/107,R,Van,All-season,0,0,/img/tire-van.webp,7th Circle|Bayader|Gardens|Wadi Saqra|Mahatta
Bridgestone,Duravis R660,215,75,16,112/110,R,Van,All-season,0,0,/img/tire-van.webp,7th Circle|Mahatta|Bayader
Kumho,PorTran KC53,215,75,16,112/110,R,Van,All-season,0,0,/img/tire-van.webp,7th Circle|Bayader|Gardens
Michelin,Agilis 3,215,75,16,112/110,R,Van,All-season,0,0,/img/tire-van.webp,7th Circle|Mahatta
Goodyear,EfficientGrip Cargo 2,215,75,16,112/110,R,Van,All-season,0,0,/img/tire-van.webp,7th Circle|Mahatta
Sailun,Commercio Pro,225,65,16,112/110,R,Van,All-season,0,0,/img/tire-van.webp,7th Circle|Mahatta|Bayader|Gardens|Wadi Saqra
Bridgestone,Duravis R660,225,65,16,112/110,R,Van,All-season,0,0,/img/tire-van.webp,7th Circle|Gardens|Wadi Saqra
Kumho,PorTran KC53,225,65,16,112/110,R,Van,All-season,0,0,/img/tire-van.webp,7th Circle|Mahatta
Michelin,Agilis 3,225,65,16,112/110,R,Van,All-season,0,0,/img/tire-van.webp,7th Circle|Wadi Saqra|Mahatta|Bayader
Hankook,Vantra LT RA18,225,70,15,109/107,R,Van,All-season,0,0,/img/tire-van.webp,7th Circle|Wadi Saqra
Sailun,Commercio Pro,225,70,15,109/107,R,Van,All-season,0,0,/img/tire-van.webp,7th Circle|Mahatta|Bayader
Bridgestone,Duravis R660,225,70,15,109/107,R,Van,All-season,0,0,/img/tire-van.webp,7th Circle|Wadi Saqra|Mahatta
Kumho,PorTran KC53,225,70,15,109/107,R,Van,All-season,0,0,/img/tire-van.webp,7th Circle|Mahatta|Bayader|Gardens|Wadi Saqra
Sailun,Commercio Pro,225,75,16,112/110,R,Van,All-season,0,0,/img/tire-van.webp,7th Circle|Mahatta|Bayader
Bridgestone,Duravis R660,225,75,16,112/110,R,Van,All-season,0,0,/img/tire-van.webp,7th Circle|Mahatta|Bayader|Gardens
Kumho,PorTran KC53,225,75,16,112/110,R,Van,All-season,0,0,/img/tire-van.webp,7th Circle|Wadi Saqra|Mahatta|Bayader|Gardens
Michelin,Agilis 3,225,75,16,112/110,R,Van,All-season,0,0,/img/tire-van.webp,7th Circle|Wadi Saqra|Mahatta|Bayader
Hankook,Vantra LT RA18,235,65,16,112/110,R,Van,All-season,0,0,/img/tire-van.webp,7th Circle|Bayader|Gardens
Sailun,Commercio Pro,235,65,16,112/110,R,Van,All-season,0,0,/img/tire-van.webp,7th Circle|Mahatta|Bayader|Gardens
Bridgestone,Duravis R660,235,65,16,112/110,R,Van,All-season,0,0,/img/tire-van.webp,7th Circle|Bayader|Gardens|Wadi Saqra|Mahatta
Kumho,PorTran KC53,235,65,16,112/110,R,Van,All-season,0,0,/img/tire-van.webp,7th Circle|Wadi Saqra|Mahatta|Bayader
Linglong,LLF02,215.0,75.0,17.5,132/130,M,Truck & Bus,All-season,0,0,/img/tire-truck.webp,7th Circle|Mahatta|Bayader
Bridgestone,Ecopia R249,215.0,75.0,17.5,132/130,M,Truck & Bus,All-season,0,0,/img/tire-truck.webp,7th Circle|Gardens
Goodyear,KMAX S,215.0,75.0,17.5,132/130,M,Truck & Bus,All-season,0,0,/img/tire-truck.webp,7th Circle|Bayader|Gardens
Sailun,S637,215.0,75.0,17.5,132/130,M,Truck & Bus,All-season,0,0,/img/tire-truck.webp,7th Circle|Gardens|Wadi Saqra
Goodyear,KMAX S,235.0,75.0,17.5,132/130,M,Truck & Bus,All-season,0,0,/img/tire-truck.webp,7th Circle|Mahatta|Bayader|Gardens|Wadi Saqra
Sailun,S637,235.0,75.0,17.5,132/130,M,Truck & Bus,All-season,0,0,/img/tire-truck.webp,7th Circle|Gardens
Michelin,X Multi Z,235.0,75.0,17.5,132/130,M,Truck & Bus,All-season,0,0,/img/tire-truck.webp,7th Circle|Mahatta|Bayader
Continental,Conti Hybrid HS3,235.0,75.0,17.5,132/130,M,Truck & Bus,All-season,0,0,/img/tire-truck.webp,7th Circle|Mahatta|Bayader|Gardens
Michelin,X Multi Z,275.0,70.0,22.5,156/150,L,Truck & Bus,All-season,0,0,/img/tire-truck.webp,7th Circle|Mahatta|Bayader|Gardens|Wadi Saqra
Continental,Conti Hybrid HS3,275.0,70.0,22.5,156/150,L,Truck & Bus,All-season,0,0,/img/tire-truck.webp,7th Circle|Mahatta
Hankook,AH35,275.0,70.0,22.5,156/150,L,Truck & Bus,All-season,0,0,/img/tire-truck.webp,7th Circle|Gardens|Wadi Saqra
Linglong,LLF02,275.0,70.0,22.5,156/150,L,Truck & Bus,All-season,0,0,/img/tire-truck.webp,7th Circle|Mahatta
Sailun,S637,295.0,80.0,22.5,156/150,L,Truck & Bus,All-season,0,0,/img/tire-truck.webp,7th Circle|Mahatta|Bayader|Gardens
Michelin,X Multi Z,295.0,80.0,22.5,156/150,L,Truck & Bus,All-season,0,0,/img/tire-truck.webp,7th Circle|Gardens
Continental,Conti Hybrid HS3,295.0,80.0,22.5,156/150,L,Truck & Bus,All-season,0,0,/img/tire-truck.webp,7th Circle|Wadi Saqra|Mahatta|Bayader|Gardens
Hankook,AH35,295.0,80.0,22.5,156/150,L,Truck & Bus,All-season,0,0,/img/tire-truck.webp,7th Circle|Mahatta|Bayader
Bridgestone,Ecopia R249,315.0,70.0,22.5,156/150,L,Truck & Bus,All-season,0,0,/img/tire-truck.webp,7th Circle|Gardens|Wadi Saqra
Goodyear,KMAX S,315.0,70.0,22.5,156/150,L,Truck & Bus,All-season,0,0,/img/tire-truck.webp,7th Circle|Bayader|Gardens
Sailun,S637,315.0,70.0,22.5,156/150,L,Truck & Bus,All-season,0,0,/img/tire-truck.webp,7th Circle|Mahatta|Bayader|Gardens|Wadi Saqra
Michelin,X Multi Z,315.0,70.0,22.5,156/150,L,Truck & Bus,All-season,0,0,/img/tire-truck.webp,7th Circle|Mahatta|Bayader|Gardens|Wadi Saqra
Continental,Conti Hybrid HS3,315.0,80.0,22.5,156/150,L,Truck & Bus,All-season,0,0,/img/tire-truck.webp,7th Circle|Mahatta|Bayader|Gardens
Hankook,AH35,315.0,80.0,22.5,156/150,L,Truck & Bus,All-season,0,0,/img/tire-truck.webp,7th Circle|Gardens|Wadi Saqra|Mahatta|Bayader
Linglong,LLF02,315.0,80.0,22.5,156/150,L,Truck & Bus,All-season,0,0,/img/tire-truck.webp,7th Circle|Mahatta|Bayader|Gardens|Wadi Saqra
Bridgestone,Ecopia R249,315.0,80.0,22.5,156/150,L,Truck & Bus,All-season,0,0,/img/tire-truck.webp,7th Circle|Mahatta
Bridgestone,Ecopia R249,385.0,65.0,22.5,156/150,L,Truck & Bus,All-season,0,0,/img/tire-truck.webp,7th Circle|Mahatta|Bayader|Gardens
Goodyear,KMAX S,385.0,65.0,22.5,156/150,L,Truck & Bus,All-season,0,0,/img/tire-truck.webp,7th Circle|Wadi Saqra
Sailun,S637,385.0,65.0,22.5,156/150,L,Truck & Bus,All-season,0,0,/img/tire-truck.webp,7th Circle|Mahatta
Michelin,X Multi Z,385.0,65.0,22.5,156/150,L,Truck & Bus,All-season,0,0,/img/tire-truck.webp,7th Circle|Wadi Saqra|Mahatta|Bayader
Michelin,XHA2,445,80,25,L3,—,OTR,All-season,0,0,/img/tire-otr.webp,7th Circle|Wadi Saqra|Mahatta|Bayader
Bridgestone,VJT,445,80,25,L3,—,OTR,All-season,0,0,/img/tire-otr.webp,7th Circle|Gardens|Wadi Saqra
Goodyear,GP-2B,445,80,25,L3,—,OTR,All-season,0,0,/img/tire-otr.webp,7th Circle|Wadi Saqra
Michelin,XHA2,525,80,25,L3,—,OTR,All-season,0,0,/img/tire-otr.webp,7th Circle|Gardens
Bridgestone,VJT,525,80,25,L3,—,OTR,All-season,0,0,/img/tire-otr.webp,7th Circle|Mahatta|Bayader|Gardens
Goodyear,GP-2B,525,80,25,L3,—,OTR,All-season,0,0,/img/tire-otr.webp,7th Circle|Gardens|Wadi Saqra|Mahatta
Michelin,XHA2,600,65,25,L3,—,OTR,All-season,0,0,/img/tire-otr.webp,7th Circle|Wadi Saqra|Mahatta|Bayader
Bridgestone,VJT,600,65,25,L3,—,OTR,All-season,0,0,/img/tire-otr.webp,7th Circle|Mahatta|Bayader
Goodyear,GP-2B,600,65,25,L3,—,OTR,All-season,0,0,/img/tire-otr.webp,7th Circle|Gardens|Wadi Saqra|Mahatta|Bayader
Michelin,XHA2,750,65,25,L3,—,OTR,All-season,0,0,/img/tire-otr.webp,7th Circle|Gardens
Bridgestone,VJT,750,65,25,L3,—,OTR,All-season,0,0,/img/tire-otr.webp,7th Circle|Mahatta|Bayader|Gardens|Wadi Saqra
Goodyear,GP-2B,750,65,25,L3,—,OTR,All-season,0,0,/img/tire-otr.webp,7th Circle|Mahatta|Bayader|Gardens
Goodyear,ElectricDrive 2,205,55,16,97 XL,V,EV,Summer,0,1,/img/tire-ev.webp,7th Circle|Mahatta|Bayader|Gardens|Wadi Saqra
Michelin,Pilot Sport EV,205,55,16,97 XL,V,EV,Summer,0,1,/img/tire-ev.webp,7th Circle|Mahatta|Bayader|Gardens|Wadi Saqra
Pirelli,P Zero Elect,205,55,16,97 XL,V,EV,Summer,0,1,/img/tire-ev.webp,7th Circle|Wadi Saqra|Mahatta|Bayader|Gardens
Continental,EcoContact 6Q,205,55,16,97 XL,V,EV,All-season,0,1,/img/tire-ev.webp,7th Circle|Wadi Saqra|Mahatta|Bayader|Gardens
Hankook,iON evo,215,55,17,101 XL,V,EV,Summer,0,1,/img/tire-ev.webp,7th Circle|Mahatta|Bayader|Gardens
Goodyear,ElectricDrive 2,215,55,17,101 XL,V,EV,Summer,0,1,/img/tire-ev.webp,7th Circle|Mahatta
Michelin,Pilot Sport EV,215,55,17,101 XL,V,EV,Summer,0,1,/img/tire-ev.webp,7th Circle|Mahatta
Pirelli,P Zero Elect,215,55,17,101 XL,V,EV,Summer,0,1,/img/tire-ev.webp,7th Circle|Mahatta|Bayader
Pirelli,P Zero Elect,215,60,17,102 XL,V,EV,Summer,0,1,/img/tire-ev.webp,7th Circle|Bayader|Gardens
Continental,EcoContact 6Q,215,60,17,102 XL,V,EV,All-season,0,1,/img/tire-ev.webp,7th Circle|Wadi Saqra|Mahatta|Bayader|Gardens
Bridgestone,Turanza EV,215,60,17,102 XL,V,EV,All-season,0,1,/img/tire-ev.webp,7th Circle|Mahatta
Michelin,e.Primacy,215,60,17,102 XL,V,EV,All-season,0,1,/img/tire-ev.webp,7th Circle|Mahatta|Bayader
Michelin,Pilot Sport EV,235,45,18,104 XL,W,EV,Summer,0,1,/img/tire-ev.webp,7th Circle|Wadi Saqra|Mahatta|Bayader|Gardens
Pirelli,P Zero Elect,235,45,18,104 XL,W,EV,Summer,0,1,/img/tire-ev.webp,7th Circle|Mahatta|Bayader|Gardens|Wadi Saqra
Continental,EcoContact 6Q,235,45,18,104 XL,W,EV,All-season,0,1,/img/tire-ev.webp,7th Circle|Wadi Saqra|Mahatta
Bridgestone,Turanza EV,235,45,18,104 XL,W,EV,All-season,0,1,/img/tire-ev.webp,7th Circle|Gardens|Wadi Saqra|Mahatta
Bridgestone,Turanza EV,235,50,19,106 XL,V,EV,All-season,0,1,/img/tire-ev.webp,7th Circle|Mahatta|Bayader|Gardens
Michelin,e.Primacy,235,50,19,106 XL,V,EV,All-season,0,1,/img/tire-ev.webp,7th Circle|Gardens|Wadi Saqra|Mahatta|Bayader
Hankook,iON evo,235,50,19,106 XL,V,EV,Summer,0,1,/img/tire-ev.webp,7th Circle|Bayader|Gardens|Wadi Saqra|Mahatta
Goodyear,ElectricDrive 2,235,50,19,106 XL,V,EV,Summer,0,1,/img/tire-ev.webp,7th Circle|Wadi Saqra
Pirelli,P Zero Elect,235,55,19,106 XL,V,EV,Summer,0,1,/img/tire-ev.webp,7th Circle|Mahatta|Bayader|Gardens
Continental,EcoContact 6Q,235,55,19,106 XL,V,EV,All-season,0,1,/img/tire-ev.webp,7th Circle|Mahatta|Bayader
Bridgestone,Turanza EV,235,55,19,106 XL,V,EV,All-season,0,1,/img/tire-ev.webp,7th Circle|Gardens|Wadi Saqra|Mahatta
Michelin,e.Primacy,235,55,19,106 XL,V,EV,All-season,0,1,/img/tire-ev.webp,7th Circle|Wadi Saqra|Mahatta
Continental,EcoContact 6Q,245,45,19,106 XL,W,EV,All-season,0,1,/img/tire-ev.webp,7th Circle|Gardens|Wadi Saqra|Mahatta
Bridgestone,Turanza EV,245,45,19,106 XL,W,EV,All-season,0,1,/img/tire-ev.webp,7th Circle|Wadi Saqra|Mahatta|Bayader|Gardens
Michelin,e.Primacy,245,45,19,106 XL,W,EV,All-season,0,1,/img/tire-ev.webp,7th Circle|Mahatta|Bayader|Gardens|Wadi Saqra
Hankook,iON evo,245,45,19,106 XL,W,EV,Summer,0,1,/img/tire-ev.webp,7th Circle|Wadi Saqra|Mahatta|Bayader|Gardens
Goodyear,ElectricDrive 2,255,45,19,107 XL,W,EV,Summer,0,1,/img/tire-ev.webp,7th Circle|Gardens|Wadi Saqra|Mahatta
Michelin,Pilot Sport EV,255,45,19,107 XL,W,EV,Summer,0,1,/img/tire-ev.webp,7th Circle|Gardens
Pirelli,P Zero Elect,255,45,19,107 XL,W,EV,Summer,0,1,/img/tire-ev.webp,7th Circle|Gardens|Wadi Saqra|Mahatta|Bayader
Continental,EcoContact 6Q,255,45,19,107 XL,W,EV,All-season,0,1,/img/tire-ev.webp,7th Circle|Mahatta
Michelin,Pilot Sport EV,255,50,19,108 XL,V,EV,Summer,0,1,/img/tire-ev.webp,7th Circle|Gardens
Pirelli,P Zero Elect,255,50,19,108 XL,V,EV,Summer,0,1,/img/tire-ev.webp,7th Circle|Mahatta|Bayader|Gardens
Continental,EcoContact 6Q,255,50,19,108 XL,V,EV,All-season,0,1,/img/tire-ev.webp,7th Circle|Bayader|Gardens
Bridgestone,Turanza EV,255,50,19,108 XL,V,EV,All-season,0,1,/img/tire-ev.webp,7th Circle|Bayader|Gardens|Wadi Saqra
Michelin,e.Primacy,255,45,20,109 XL,W,EV,All-season,0,1,/img/tire-ev.webp,7th Circle|Wadi Saqra|Mahatta|Bayader
Hankook,iON evo,255,45,20,109 XL,W,EV,Summer,0,1,/img/tire-ev.webp,7th Circle|Bayader|Gardens
Goodyear,ElectricDrive 2,255,45,20,109 XL,W,EV,Summer,0,1,/img/tire-ev.webp,7th Circle|Mahatta
Michelin,Pilot Sport EV,255,45,20,109 XL,W,EV,Summer,0,1,/img/tire-ev.webp,7th Circle|Mahatta|Bayader|Gardens
Pirelli,P Zero Elect,255,40,20,109 XL,W,EV,Summer,0,1,/img/tire-ev.webp,7th Circle|Bayader
Continental,EcoContact 6Q,255,40,20,109 XL,W,EV,All-season,0,1,/img/tire-ev.webp,7th Circle|Mahatta|Bayader|Gardens|Wadi Saqra
Bridgestone,Turanza EV,255,40,20,109 XL,W,EV,All-season,0,1,/img/tire-ev.webp,7th Circle|Bayader|Gardens|Wadi Saqra|Mahatta
Michelin,e.Primacy,255,40,20,109 XL,W,EV,All-season,0,1,/img/tire-ev.webp,7th Circle|Bayader
Michelin,Pilot Sport EV,275,40,20,111 XL,W,EV,Summer,0,1,/img/tire-ev.webp,7th Circle|Mahatta|Bayader|Gardens|Wadi Saqra
Pirelli,P Zero Elect,275,40,20,111 XL,W,EV,Summer,0,1,/img/tire-ev.webp,7th Circle|Mahatta
Continental,EcoContact 6Q,275,40,20,111 XL,W,EV,All-season,0,1,/img/tire-ev.webp,7th Circle|Mahatta|Bayader|Gardens|Wadi Saqra
Bridgestone,Turanza EV,275,40,20,111 XL,W,EV,All-season,0,1,/img/tire-ev.webp,7th Circle|Gardens
Michelin,e.Primacy,265,45,21,112 XL,W,EV,All-season,0,1,/img/tire-ev.webp,7th Circle|Gardens|Wadi Saqra
Hankook,iON evo,265,45,21,112 XL,W,EV,Summer,0,1,/img/tire-ev.webp,7th Circle|Gardens
Goodyear,ElectricDrive 2,265,45,21,112 XL,W,EV,Summer,0,1,/img/tire-ev.webp,7th Circle|Bayader|Gardens|Wadi Saqra|Mahatta
Michelin,Pilot Sport EV,265,45,21,112 XL,W,EV,Summer,0,1,/img/tire-ev.webp,7th Circle|Mahatta|Bayader
Hankook,iON evo,255,40,21,111 XL,W,EV,Summer,0,1,/img/tire-ev.webp,7th Circle|Mahatta|Bayader|Gardens|Wadi Saqra
Goodyear,ElectricDrive 2,255,40,21,111 XL,W,EV,Summer,0,1,/img/tire-ev.webp,7th Circle|Mahatta|Bayader|Gardens
Michelin,Pilot Sport EV,255,40,21,111 XL,W,EV,Summer,0,1,/img/tire-ev.webp,7th Circle|Wadi Saqra|Mahatta
Pirelli,P Zero Elect,255,40,21,111 XL,W,EV,Summer,0,1,/img/tire-ev.webp,7th Circle|Wadi Saqra|Mahatta
Michelin,e.Primacy,275,40,21,113 XL,W,EV,All-season,0,1,/img/tire-ev.webp,7th Circle|Mahatta
Hankook,iON evo,275,40,21,113 XL,W,EV,Summer,0,1,/img/tire-ev.webp,7th Circle|Mahatta|Bayader|Gardens|Wadi Saqra
Goodyear,ElectricDrive 2,275,40,21,113 XL,W,EV,Summer,0,1,/img/tire-ev.webp,7th Circle|Wadi Saqra|Mahatta
Michelin,Pilot Sport EV,275,40,21,113 XL,W,EV,Summer,0,1,/img/tire-ev.webp,7th Circle|Wadi Saqra|Mahatta|Bayader
Pirelli,Cinturato P7 RFT,205,55,16,94,V,Passenger,Summer,1,0,/img/tire-passenger.webp,7th Circle|Gardens
Bridgestone,Turanza 6 RFT,205,55,16,94,V,Passenger,Summer,1,0,/img/tire-passenger.webp,7th Circle|Gardens
Michelin,Primacy 4+ ZP,205,55,16,94,V,Passenger,Summer,1,0,/img/tire-passenger.webp,7th Circle|Gardens
Pirelli,Cinturato P7 RFT,225,45,17,98,W,Passenger,Summer,1,0,/img/tire-passenger.webp,7th Circle|Mahatta|Bayader
Bridgestone,Turanza 6 RFT,225,45,17,98,W,Passenger,Summer,1,0,/img/tire-passenger.webp,7th Circle|Mahatta|Bayader
Michelin,Primacy 4+ ZP,225,45,17,98,W,Passenger,Summer,1,0,/img/tire-passenger.webp,7th Circle|Gardens|Wadi Saqra
Pirelli,Cinturato P7 RFT,225,50,17,99,V,Passenger,Summer,1,0,/img/tire-passenger.webp,7th Circle|Mahatta|Bayader|Gardens|Wadi Saqra
Bridgestone,Turanza 6 RFT,225,50,17,99,V,Passenger,Summer,1,0,/img/tire-passenger.webp,7th Circle|Mahatta|Bayader
Michelin,Primacy 4+ ZP,225,50,17,99,V,Passenger,Summer,1,0,/img/tire-passenger.webp,7th Circle|Wadi Saqra|Mahatta
Pirelli,Cinturato P7 RFT,245,45,18,102,W,Passenger,Summer,1,0,/img/tire-passenger.webp,7th Circle|Bayader
Bridgestone,Turanza 6 RFT,245,45,18,102,W,Passenger,Summer,1,0,/img/tire-passenger.webp,7th Circle|Mahatta|Bayader
Michelin,Primacy 4+ ZP,245,45,18,102,W,Passenger,Summer,1,0,/img/tire-passenger.webp,7th Circle|Gardens|Wadi Saqra
Pirelli,Cinturato P7 RFT,225,45,18,100,W,Passenger,Summer,1,0,/img/tire-passenger.webp,7th Circle|Wadi Saqra|Mahatta
Bridgestone,Turanza 6 RFT,225,45,18,100,W,Passenger,Summer,1,0,/img/tire-passenger.webp,7th Circle|Mahatta|Bayader|Gardens
Michelin,Primacy 4+ ZP,225,45,18,100,W,Passenger,Summer,1,0,/img/tire-passenger.webp,7th Circle|Mahatta|Bayader|Gardens|Wadi Saqra
Pirelli,Cinturato P7 RFT,245,40,18,102,W,Passenger,Summer,1,0,/img/tire-passenger.webp,7th Circle|Mahatta
Bridgestone,Turanza 6 RFT,245,40,18,102,W,Passenger,Summer,1,0,/img/tire-passenger.webp,7th Circle|Bayader|Gardens
Michelin,Primacy 4+ ZP,245,40,18,102,W,Passenger,Summer,1,0,/img/tire-passenger.webp,7th Circle|Mahatta|Bayader
Pirelli,Cinturato P7 RFT,275,40,18,105,W,Passenger,Summer,1,0,/img/tire-passenger.webp,7th Circle|Bayader|Gardens|Wadi Saqra|Mahatta
Bridgestone,Turanza 6 RFT,275,40,18,105,W,Passenger,Summer,1,0,/img/tire-passenger.webp,7th Circle|Mahatta|Bayader|Gardens
Michelin,Primacy 4+ ZP,275,40,18,105,W,Passenger,Summer,1,0,/img/tire-passenger.webp,7th Circle|Wadi Saqra|Mahatta
Pirelli,Cinturato P7 RFT,245,40,19,103,W,Passenger,Summer,1,0,/img/tire-passenger.webp,7th Circle|Bayader|Gardens|Wadi Saqra
Bridgestone,Turanza 6 RFT,245,40,19,103,W,Passenger,Summer,1,0,/img/tire-passenger.webp,7th Circle|Gardens|Wadi Saqra|Mahatta
Michelin,Primacy 4+ ZP,245,40,19,103,W,Passenger,Summer,1,0,/img/tire-passenger.webp,7th Circle|Gardens
Pirelli,Cinturato P7 RFT,275,35,19,105,W,Passenger,Summer,1,0,/img/tire-passenger.webp,7th Circle|Mahatta|Bayader|Gardens
Bridgestone,Turanza 6 RFT,275,35,19,105,W,Passenger,Summer,1,0,/img/tire-passenger.webp,7th Circle|Mahatta|Bayader|Gardens|Wadi Saqra
Michelin,Primacy 4+ ZP,275,35,19,105,W,Passenger,Summer,1,0,/img/tire-passenger.webp,7th Circle|Mahatta|Bayader
Pirelli,Cinturato P7 RFT,245,45,19,103,W,Passenger,Summer,1,0,/img/tire-passenger.webp,7th Circle|Gardens|Wadi Saqra|Mahatta|Bayader
Bridgestone,Turanza 6 RFT,245,45,19,103,W,Passenger,Summer,1,0,/img/tire-passenger.webp,7th Circle|Bayader
Michelin,Primacy 4+ ZP,245,45,19,103,W,Passenger,Summer,1,0,/img/tire-passenger.webp,7th Circle|Bayader|Gardens|Wadi Saqra|Mahatta
Pirelli,Cinturato P7 RFT,275,40,19,106,W,Passenger,Summer,1,0,/img/tire-passenger.webp,7th Circle|Mahatta|Bayader|Gardens|Wadi Saqra
Bridgestone,Turanza 6 RFT,275,40,19,106,W,Passenger,Summer,1,0,/img/tire-passenger.webp,7th Circle|Bayader|Gardens
Michelin,Primacy 4+ ZP,275,40,19,106,W,Passenger,Summer,1,0,/img/tire-passenger.webp,7th Circle|Wadi Saqra
Pirelli,Cinturato P7 RFT,225,40,18,100,W,Passenger,Summer,1,0,/img/tire-passenger.webp,7th Circle|Gardens|Wadi Saqra|Mahatta
Bridgestone,Turanza 6 RFT,225,40,18,100,W,Passenger,Summer,1,0,/img/tire-passenger.webp,7th Circle|Gardens|Wadi Saqra|Mahatta|Bayader
Michelin,Primacy 4+ ZP,225,40,18,100,W,Passenger,Summer,1,0,/img/tire-passenger.webp,7th Circle|Mahatta|Bayader
Wideway,Touring range,155,70,13,79,H,Passenger,All-season,0,0,/img/tire-passenger.webp,7th Circle|Bayader|Gardens|Wadi Saqra
Wideway,Touring range,165,65,13,79,H,Passenger,All-season,0,0,/img/tire-passenger.webp,7th Circle|Mahatta|Bayader|Gardens
Wideway,Touring range,175,70,13,81,H,Passenger,All-season,0,0,/img/tire-passenger.webp,7th Circle|Mahatta|Bayader
Wideway,Touring range,165,65,14,83,H,Passenger,All-season,0,0,/img/tire-passenger.webp,7th Circle|Wadi Saqra|Mahatta
Wideway,Touring range,175,65,14,84,H,Passenger,All-season,0,0,/img/tire-passenger.webp,7th Circle|Bayader|Gardens
Wideway,Touring range,175,70,14,85,H,Passenger,All-season,0,0,/img/tire-passenger.webp,7th Circle|Bayader|Gardens
Wideway,Touring range,185,60,14,85,H,Passenger,All-season,0,0,/img/tire-passenger.webp,7th Circle|Mahatta|Bayader
Wideway,Touring range,185,65,14,85,H,Passenger,All-season,0,0,/img/tire-passenger.webp,7th Circle|Bayader
Wideway,Touring range,185,70,14,86,H,Passenger,All-season,0,0,/img/tire-passenger.webp,7th Circle|Bayader|Gardens|Wadi Saqra|Mahatta
Wideway,Touring range,175,65,15,89,H,Passenger,All-season,0,0,/img/tire-passenger.webp,7th Circle|Mahatta|Bayader|Gardens
Wideway,Touring range,185,55,15,89,H,Passenger,All-season,0,0,/img/tire-passenger.webp,7th Circle|Gardens|Wadi Saqra|Mahatta
Wideway,Touring range,185,60,15,90,H,Passenger,All-season,0,0,/img/tire-passenger.webp,7th Circle|Mahatta|Bayader|Gardens|Wadi Saqra
Wideway,Touring range,185,65,15,90,H,Passenger,All-season,0,0,/img/tire-passenger.webp,7th Circle|Wadi Saqra|Mahatta|Bayader
Wideway,Touring range,195,50,15,90,H,Passenger,All-season,0,0,/img/tire-passenger.webp,7th Circle|Bayader
Wideway,Touring range,195,55,15,90,H,Passenger,All-season,0,0,/img/tire-passenger.webp,7th Circle|Mahatta
Wideway,Touring range,195,60,15,91,H,Passenger,All-season,0,0,/img/tire-passenger.webp,7th Circle|Bayader|Gardens|Wadi Saqra|Mahatta
Wideway,Touring range,195,65,15,91,H,Passenger,All-season,0,0,/img/tire-passenger.webp,7th Circle|Mahatta|Bayader
Wideway,Touring range,205,60,15,92,H,Passenger,All-season,0,0,/img/tire-passenger.webp,7th Circle|Mahatta
Wideway,Touring range,205,65,15,92,H,Passenger,All-season,0,0,/img/tire-passenger.webp,7th Circle|Mahatta|Bayader|Gardens
Wideway,Touring range,185,55,16,92,H,Passenger,All-season,0,0,/img/tire-passenger.webp,7th Circle|Wadi Saqra
Wideway,Touring range,195,50,16,93,H,Passenger,All-season,0,0,/img/tire-passenger.webp,7th Circle|Mahatta
Wideway,Touring range,195,55,16,93,H,Passenger,All-season,0,0,/img/tire-passenger.webp,7th Circle|Gardens|Wadi Saqra
Wideway,Touring range,195,60,16,94,H,Passenger,All-season,0,0,/img/tire-passenger.webp,7th Circle|Mahatta|Bayader
Wideway,Touring range,205,50,16,94,H,Passenger,All-season,0,0,/img/tire-passenger.webp,7th Circle|Mahatta|Bayader|Gardens
Wideway,Touring range,205,55,16,94,H,Passenger,All-season,0,0,/img/tire-passenger.webp,7th Circle|Bayader
Wideway,Touring range,205,60,16,95,H,Passenger,All-season,0,0,/img/tire-passenger.webp,7th Circle|Wadi Saqra|Mahatta
Wideway,Touring range,215,55,16,95,H,Passenger,All-season,0,0,/img/tire-passenger.webp,7th Circle|Mahatta|Bayader|Gardens
Wideway,Touring range,215,60,16,96,H,Passenger,All-season,0,0,/img/tire-passenger.webp,7th Circle|Wadi Saqra|Mahatta
Wideway,Touring range,225,55,16,96,H,Passenger,All-season,0,0,/img/tire-passenger.webp,7th Circle|Wadi Saqra|Mahatta|Bayader|Gardens
Zeknova,Performance range,205,45,17,96,W,Passenger,Summer,0,0,/img/tire-passenger.webp,7th Circle|Wadi Saqra
Wideway,Touring range,205,45,17,96,H,Passenger,All-season,0,0,/img/tire-passenger.webp,7th Circle|Bayader
Zeknova,Performance range,205,50,17,97,W,Passenger,Summer,0,0,/img/tire-passenger.webp,7th Circle|Mahatta|Bayader|Gardens|Wadi Saqra
Wideway,Touring range,205,50,17,97,H,Passenger,All-season,0,0,/img/tire-passenger.webp,7th Circle|Mahatta
Wideway,Touring range,205,55,17,97,H,Passenger,All-season,0,0,/img/tire-passenger.webp,7th Circle|Wadi Saqra
Zeknova,Performance range,215,45,17,97,W,Passenger,Summer,0,0,/img/tire-passenger.webp,7th Circle|Wadi Saqra|Mahatta|Bayader|Gardens
Wideway,Touring range,215,45,17,97,H,Passenger,All-season,0,0,/img/tire-passenger.webp,7th Circle|Bayader|Gardens|Wadi Saqra
Zeknova,Performance range,215,50,17,98,W,Passenger,Summer,0,0,/img/tire-passenger.webp,7th Circle|Mahatta|Bayader|Gardens
Wideway,Touring range,215,50,17,98,H,Passenger,All-season,0,0,/img/tire-passenger.webp,7th Circle|Gardens|Wadi Saqra|Mahatta|Bayader
Wideway,Touring range,215,55,17,98,H,Passenger,All-season,0,0,/img/tire-passenger.webp,7th Circle|Wadi Saqra
Zeknova,Performance range,225,45,17,98,W,Passenger,Summer,0,0,/img/tire-passenger.webp,7th Circle|Wadi Saqra|Mahatta
Wideway,Touring range,225,45,17,98,H,Passenger,All-season,0,0,/img/tire-passenger.webp,7th Circle|Gardens|Wadi Saqra
Zeknova,Performance range,225,50,17,99,W,Passenger,Summer,0,0,/img/tire-passenger.webp,7th Circle|Mahatta|Bayader|Gardens
Wideway,Touring range,225,50,17,99,H,Passenger,All-season,0,0,/img/tire-passenger.webp,7th Circle|Mahatta|Bayader|Gardens|Wadi Saqra
Wideway,Touring range,225,55,17,99,H,Passenger,All-season,0,0,/img/tire-passenger.webp,7th Circle|Gardens|Wadi Saqra|Mahatta
Zeknova,Performance range,235,45,17,99,W,Passenger,Summer,0,0,/img/tire-passenger.webp,7th Circle|Mahatta
Wideway,Touring range,235,45,17,99,H,Passenger,All-season,0,0,/img/tire-passenger.webp,7th Circle|Bayader|Gardens|Wadi Saqra
Zeknova,Performance range,245,45,17,100,W,Passenger,Summer,0,0,/img/tire-passenger.webp,7th Circle|Wadi Saqra|Mahatta
Wideway,Touring range,245,45,17,100,H,Passenger,All-season,0,0,/img/tire-passenger.webp,7th Circle|Bayader|Gardens|Wadi Saqra|Mahatta
Zeknova,Performance range,215,40,18,99,W,Passenger,Summer,0,0,/img/tire-passenger.webp,7th Circle|Gardens
Zeknova,Performance range,215,45,18,99,W,Passenger,Summer,0,0,/img/tire-passenger.webp,7th Circle|Mahatta|Bayader|Gardens
Zeknova,Performance range,225,40,18,100,W,Passenger,Summer,0,0,/img/tire-passenger.webp,7th Circle|Bayader|Gardens|Wadi Saqra
Zeknova,Performance range,225,45,18,100,W,Passenger,Summer,0,0,/img/tire-passenger.webp,7th Circle|Mahatta|Bayader|Gardens|Wadi Saqra
Zeknova,Performance range,225,50,18,101,W,Passenger,Summer,0,0,/img/tire-passenger.webp,7th Circle|Mahatta
Zeknova,Performance range,235,40,18,101,W,Passenger,Summer,0,0,/img/tire-passenger.webp,7th Circle|Mahatta
Zeknova,Performance range,235,45,18,101,W,Passenger,Summer,0,0,/img/tire-passenger.webp,7th Circle|Bayader|Gardens|Wadi Saqra
Zeknova,Performance range,245,40,18,102,W,Passenger,Summer,0,0,/img/tire-passenger.webp,7th Circle|Bayader|Gardens|Wadi Saqra
Zeknova,Performance range,245,45,18,102,W,Passenger,Summer,0,0,/img/tire-passenger.webp,7th Circle|Gardens|Wadi Saqra|Mahatta
Zeknova,Performance range,255,35,18,102,W,Passenger,Summer,0,0,/img/tire-passenger.webp,7th Circle|Mahatta|Bayader
Zeknova,Performance range,255,40,18,103,W,Passenger,Summer,0,0,/img/tire-passenger.webp,7th Circle|Wadi Saqra|Mahatta|Bayader
Zeknova,Performance range,225,40,19,101,W,Passenger,Summer,0,0,/img/tire-passenger.webp,7th Circle|Wadi Saqra|Mahatta
Zeknova,Performance range,235,35,19,101,W,Passenger,Summer,0,0,/img/tire-passenger.webp,7th Circle|Mahatta|Bayader|Gardens
Zeknova,Performance range,235,40,19,102,W,Passenger,Summer,0,0,/img/tire-passenger.webp,7th Circle|Wadi Saqra|Mahatta|Bayader
Zeknova,Performance range,245,35,19,102,W,Passenger,Summer,0,0,/img/tire-passenger.webp,7th Circle|Wadi Saqra
Zeknova,Performance range,245,40,19,103,W,Passenger,Summer,0,0,/img/tire-passenger.webp,7th Circle|Mahatta|Bayader|Gardens
Zeknova,Performance range,245,45,19,103,W,Passenger,Summer,0,0,/img/tire-passenger.webp,7th Circle|Gardens|Wadi Saqra|Mahatta|Bayader
Zeknova,Performance range,255,35,19,103,W,Passenger,Summer,0,0,/img/tire-passenger.webp,7th Circle|Mahatta|Bayader|Gardens|Wadi Saqra
Zeknova,Performance range,255,40,19,104,W,Passenger,Summer,0,0,/img/tire-passenger.webp,7th Circle|Mahatta|Bayader|Gardens
Zeknova,Performance range,275,35,19,105,W,Passenger,Summer,0,0,/img/tire-passenger.webp,7th Circle|Wadi Saqra|Mahatta|Bayader|Gardens
Zeknova,Performance range,245,35,20,104,W,Passenger,Summer,0,0,/img/tire-passenger.webp,7th Circle|Gardens
Zeknova,Performance range,245,40,20,105,W,Passenger,Summer,0,0,/img/tire-passenger.webp,7th Circle|Mahatta
Zeknova,Performance range,255,35,20,105,W,Passenger,Summer,0,0,/img/tire-passenger.webp,7th Circle|Wadi Saqra
Zeknova,Performance range,275,30,20,107,W,Passenger,Summer,0,0,/img/tire-passenger.webp,7th Circle|Mahatta|Bayader|Gardens|Wadi Saqra
Zeknova,Performance range,275,35,20,107,W,Passenger,Summer,0,0,/img/tire-passenger.webp,7th Circle|Mahatta|Bayader|Gardens|Wadi Saqra
Zeknova,Performance range,285,30,20,108,W,Passenger,Summer,0,0,/img/tire-passenger.webp,7th Circle|Mahatta
Zeknova,Performance range,295,30,21,111,W,Passenger,Summer,0,0,/img/tire-passenger.webp,7th Circle|Wadi Saqra|Mahatta|Bayader
VTOUR,SUV range,215,60,17,102,H,SUV,All-season,0,0,/img/tire-suv.webp,7th Circle|Wadi Saqra
VTOUR,SUV range,215,65,17,102,H,SUV,All-season,0,0,/img/tire-suv.webp,7th Circle|Bayader|Gardens|Wadi Saqra|Mahatta
VTOUR,SUV range,225,60,17,103,H,SUV,All-season,0,0,/img/tire-suv.webp,7th Circle|Mahatta|Bayader|Gardens|Wadi Saqra
VTOUR,SUV range,225,60,18,105,H,SUV,All-season,0,0,/img/tire-suv.webp,7th Circle|Wadi Saqra
VTOUR,SUV range,225,55,19,105,H,SUV,All-season,0,0,/img/tire-suv.webp,7th Circle|Mahatta|Bayader
VTOUR,SUV range,235,55,18,105,H,SUV,All-season,0,0,/img/tire-suv.webp,7th Circle|Wadi Saqra|Mahatta|Bayader|Gardens
VTOUR,SUV range,235,60,16,101,H,SUV,All-season,0,0,/img/tire-suv.webp,7th Circle|Mahatta
VTOUR,SUV range,235,60,18,106,H,SUV,All-season,0,0,/img/tire-suv.webp,7th Circle|Bayader|Gardens|Wadi Saqra|Mahatta
VTOUR,SUV range,235,65,18,106,H,SUV,All-season,0,0,/img/tire-suv.webp,7th Circle|Wadi Saqra|Mahatta|Bayader
VTOUR,SUV range,235,50,19,106,H,SUV,All-season,0,0,/img/tire-suv.webp,7th Circle|Mahatta|Bayader|Gardens
VTOUR,SUV range,245,45,20,108,H,SUV,All-season,0,0,/img/tire-suv.webp,7th Circle|Bayader|Gardens|Wadi Saqra
VTOUR,SUV range,245,50,20,109,H,SUV,All-season,0,0,/img/tire-suv.webp,7th Circle|Bayader|Gardens|Wadi Saqra|Mahatta
VTOUR,SUV range,245,60,18,107,H,SUV,All-season,0,0,/img/tire-suv.webp,7th Circle|Bayader|Gardens|Wadi Saqra
VTOUR,SUV range,255,45,20,109,H,SUV,All-season,0,0,/img/tire-suv.webp,7th Circle|Wadi Saqra|Mahatta|Bayader
VTOUR,SUV range,255,50,20,110,H,SUV,All-season,0,0,/img/tire-suv.webp,7th Circle|Gardens|Wadi Saqra|Mahatta|Bayader
VTOUR,SUV range,255,55,19,108,H,SUV,All-season,0,0,/img/tire-suv.webp,7th Circle|Wadi Saqra|Mahatta
VTOUR,SUV range,255,60,18,108,H,SUV,All-season,0,0,/img/tire-suv.webp,7th Circle|Gardens|Wadi Saqra
VTOUR,SUV range,265,45,20,110,H,SUV,All-season,0,0,/img/tire-suv.webp,7th Circle|Mahatta|Bayader|Gardens|Wadi Saqra
VTOUR,SUV range,265,50,20,111,H,SUV,All-season,0,0,/img/tire-suv.webp,7th Circle|Wadi Saqra
VTOUR,SUV range,265,65,17,107,H,SUV,All-season,0,0,/img/tire-suv.webp,7th Circle|Gardens|Wadi Saqra|Mahatta|Bayader
VTOUR,SUV range,265,70,16,105,H,SUV,All-season,0,0,/img/tire-suv.webp,7th Circle|Wadi Saqra
VTOUR,SUV range,275,40,21,113,H,SUV,All-season,0,0,/img/tire-suv.webp,7th Circle|Mahatta|Bayader
VTOUR,SUV range,275,45,20,111,H,SUV,All-season,0,0,/img/tire-suv.webp,7th Circle|Mahatta|Bayader|Gardens
VTOUR,SUV range,275,50,20,112,H,SUV,All-season,0,0,/img/tire-suv.webp,7th Circle|Wadi Saqra|Mahatta
VTOUR,SUV range,275,55,20,112,H,SUV,All-season,0,0,/img/tire-suv.webp,7th Circle|Wadi Saqra
VTOUR,SUV range,275,65,18,110,H,SUV,All-season,0,0,/img/tire-suv.webp,7th Circle|Bayader
VTOUR,SUV range,285,45,21,114,H,SUV,All-season,0,0,/img/tire-suv.webp,7th Circle|Wadi Saqra|Mahatta|Bayader|Gardens
VTOUR,SUV range,285,50,20,113,H,SUV,All-season,0,0,/img/tire-suv.webp,7th Circle|Mahatta|Bayader
VTOUR,SUV range,295,40,21,115,H,SUV,All-season,0,0,/img/tire-suv.webp,7th Circle|Bayader|Gardens|Wadi Saqra|Mahatta
VTOUR,SUV range,285,40,23,119,H,SUV,All-season,0,0,/img/tire-suv.webp,7th Circle|Wadi Saqra|Mahatta|Bayader|Gardens
Zeknova,All-terrain range,265,70,18,116/113,S,4x4,All-terrain,0,0,/img/tire-4x4.webp,7th Circle|Wadi Saqra|Mahatta|Bayader|Gardens
Zeknova,All-terrain range,255,70,18,116/113,S,4x4,All-terrain,0,0,/img/tire-4x4.webp,7th Circle|Bayader
Zeknova,All-terrain range,255,60,18,116/113,S,4x4,All-terrain,0,0,/img/tire-4x4.webp,7th Circle|Wadi Saqra|Mahatta
Zeknova,All-terrain range,235,85,16,116/113,S,4x4,All-terrain,0,0,/img/tire-4x4.webp,7th Circle|Bayader|Gardens|Wadi Saqra|Mahatta
Zeknova,All-terrain range,245,75,16,116/113,S,4x4,All-terrain,0,0,/img/tire-4x4.webp,7th Circle|Wadi Saqra|Mahatta
Zeknova,All-terrain range,265,70,16,116/113,S,4x4,All-terrain,0,0,/img/tire-4x4.webp,7th Circle|Gardens
Zeknova,All-terrain range,285,75,16,116/113,S,4x4,All-terrain,0,0,/img/tire-4x4.webp,7th Circle|Mahatta|Bayader
Zeknova,All-terrain range,265,65,17,116/113,S,4x4,All-terrain,0,0,/img/tire-4x4.webp,7th Circle|Gardens|Wadi Saqra
Zeknova,All-terrain range,285,70,17,116/113,S,4x4,All-terrain,0,0,/img/tire-4x4.webp,7th Circle|Bayader|Gardens
Zeknova,All-terrain range,265,60,18,116/113,S,4x4,All-terrain,0,0,/img/tire-4x4.webp,7th Circle|Wadi Saqra
Zeknova,All-terrain range,275,65,18,116/113,S,4x4,All-terrain,0,0,/img/tire-4x4.webp,7th Circle|Mahatta|Bayader
Zeknova,All-terrain range,285,65,18,116/113,S,4x4,All-terrain,0,0,/img/tire-4x4.webp,7th Circle|Gardens|Wadi Saqra
Zeknova,All-terrain range,275,55,20,116/113,S,4x4,All-terrain,0,0,/img/tire-4x4.webp,7th Circle|Wadi Saqra|Mahatta|Bayader
Zeknova,All-terrain range,285,60,20,116/113,S,4x4,All-terrain,0,0,/img/tire-4x4.webp,7th Circle|Mahatta|Bayader|Gardens
